finbert_label,finbert_score
positive,0.9493
neutral,0.893
positive,0.5214
positive,0.7905
neutral,0.5659
negative,0.9718
negative,0.959
negative,0.611
negative,0.9712
neutral,0.798
positive,0.9194
neutral,0.9152
neutral,0.7432
positive,0.95
negative,0.927
negative,0.927
negative,0.4697
negative,0.9716
neutral,0.5435
neutral,0.7327
negative,0.747
positive,0.6442
negative,0.6375
negative,0.9366
positive,0.948
positive,0.7186
positive,0.9259
negative,0.7724
positive,0.5839
positive,0.9063
positive,0.7402
positive,0.9291
positive,0.9444
positive,0.8129
neutral,0.7803
positive,0.8175
positive,0.8129
negative,0.9013
neutral,0.6839
neutral,0.6377
positive,0.9525
positive,0.9152
neutral,0.9201
positive,0.954
positive,0.73
positive,0.5993
negative,0.9701
positive,0.9526
negative,0.9723
negative,0.9723
negative,0.9066
positive,0.7802
positive,0.9542
neutral,0.9414
negative,0.9712
negative,0.9712
negative,0.9744
positive,0.9261
positive,0.6761
negative,0.912
negative,0.9711
positive,0.6167
positive,0.8365
neutral,0.7459
positive,0.8483
neutral,0.9152
negative,0.9563
neutral,0.9428
neutral,0.6204
positive,0.4934
neutral,0.8752
positive,0.5755
neutral,0.9532
negative,0.7799
negative,0.8166
neutral,0.9415
positive,0.5755
positive,0.8708
neutral,0.8473
neutral,0.8098
neutral,0.879
positive,0.9138
positive,0.9186
positive,0.9186
positive,0.9186
positive,0.9523
neutral,0.9441
neutral,0.898
positive,0.9404
negative,0.7082
neutral,0.7955
positive,0.7217
neutral,0.898
negative,0.8458
neutral,0.7768
neutral,0.9021
neutral,0.8329
neutral,0.898
neutral,0.9214
negative,0.8231
negative,0.6509
positive,0.5554
neutral,0.8953
positive,0.7139
positive,0.9029
neutral,0.8953
positive,0.943
neutral,0.8088
negative,0.9622
neutral,0.4536
neutral,0.8303
negative,0.7323
negative,0.9526
negative,0.9603
positive,0.6493
positive,0.9121
neutral,0.8937
negative,0.7668
negative,0.7499
neutral,0.826
neutral,0.7294
negative,0.9348
negative,0.7509
neutral,0.8303
negative,0.7941
negative,0.9348
neutral,0.9093
negative,0.9348
neutral,0.857
neutral,0.8725
negative,0.9641
neutral,0.7728
neutral,0.8303
neutral,0.7039
neutral,0.8549
positive,0.7617
negative,0.4003
negative,0.9723
neutral,0.9162
neutral,0.8595
neutral,0.8942
negative,0.8463
positive,0.5066
neutral,0.6341
positive,0.8478
neutral,0.5335
neutral,0.8303
neutral,0.9425
neutral,0.8915
negative,0.9731
neutral,0.7515
negative,0.9307
negative,0.8272
neutral,0.7378
neutral,0.909
negative,0.5727
negative,0.8903
positive,0.7045
neutral,0.6495
neutral,0.909
positive,0.8044
negative,0.9654
neutral,0.5017
negative,0.9607
negative,0.9735
negative,0.8167
neutral,0.7796
neutral,0.9012
positive,0.9145
positive,0.8948
positive,0.753
negative,0.8924
neutral,0.909
positive,0.8455
negative,0.9658
positive,0.8414
positive,0.849
neutral,0.909
positive,0.8549
positive,0.9389
neutral,0.904
neutral,0.6289
neutral,0.909
positive,0.8638
negative,0.9592
positive,0.9365
neutral,0.5065
positive,0.4557
negative,0.5205
neutral,0.7072
neutral,0.909
negative,0.8869
negative,0.9312
neutral,0.8869
neutral,0.8936
neutral,0.9361
negative,0.7547
neutral,0.8455
positive,0.7158
neutral,0.8303
negative,0.8965
positive,0.6515
negative,0.7297
positive,0.9413
neutral,0.8303
positive,0.8284
positive,0.9413
positive,0.7444
neutral,0.8303
positive,0.9506
positive,0.5108
positive,0.5853
neutral,0.8303
neutral,0.9345
neutral,0.9443
negative,0.7597
positive,0.8956
positive,0.5344
positive,0.949
positive,0.6145
positive,0.6861
positive,0.683
neutral,0.916
neutral,0.61
neutral,0.506
neutral,0.8982
negative,0.8747
positive,0.9262
neutral,0.9425
positive,0.6094
negative,0.5339
positive,0.6335
negative,0.7985
positive,0.7225
neutral,0.8303
negative,0.7146
neutral,0.8303
neutral,0.7541
neutral,0.6773
negative,0.7272
negative,0.9603
neutral,0.8303
negative,0.9282
negative,0.9668
positive,0.9514
negative,0.97
neutral,0.9194
negative,0.8146
positive,0.5983
neutral,0.4524
neutral,0.8303
negative,0.9121
negative,0.8641
neutral,0.7024
neutral,0.7097
neutral,0.8576
positive,0.6237
negative,0.9507
neutral,0.8303
negative,0.9686
positive,0.7964
neutral,0.8079
neutral,0.881
negative,0.9737
negative,0.9737
negative,0.9641
positive,0.7802
neutral,0.8737
neutral,0.911
negative,0.9008
positive,0.925
neutral,0.6398
neutral,0.9382
positive,0.6998
negative,0.9736
positive,0.5076
neutral,0.9425
negative,0.9722
negative,0.5463
positive,0.8304
positive,0.932
neutral,0.947
neutral,0.7499
negative,0.9643
negative,0.9749
positive,0.9206
positive,0.761
neutral,0.5721
negative,0.6587
positive,0.7513
neutral,0.9118
neutral,0.9136
neutral,0.5825
negative,0.9051
positive,0.6774
negative,0.903
neutral,0.8632
negative,0.7917
neutral,0.8966
positive,0.5737
neutral,0.8303
positive,0.5482
neutral,0.8303
negative,0.8318
neutral,0.5379
neutral,0.5175
neutral,0.9148
negative,0.909
neutral,0.8827
neutral,0.8303
positive,0.6056
positive,0.5165
positive,0.5445
positive,0.7152
positive,0.9471
positive,0.4962
neutral,0.9384
negative,0.9524
negative,0.8531
neutral,0.7782
negative,0.9755
negative,0.6428
positive,0.6524
neutral,0.8303
negative,0.9644
positive,0.9461
positive,0.9443
negative,0.8296
positive,0.9426
positive,0.8997
positive,0.9083
positive,0.8717
negative,0.9665
neutral,0.5908
neutral,0.8303
neutral,0.8626
neutral,0.6644
positive,0.6562
neutral,0.8303
neutral,0.8303
neutral,0.8303
neutral,0.8303
negative,0.9614
positive,0.7072
negative,0.7747
positive,0.8177
neutral,0.4907
neutral,0.8303
positive,0.7798
negative,0.7659
neutral,0.8303
neutral,0.825
positive,0.8827
neutral,0.8303
neutral,0.8303
positive,0.6958
positive,0.8736
negative,0.9624
neutral,0.6484
neutral,0.5029
positive,0.9457
neutral,0.8303
neutral,0.6484
positive,0.6267
neutral,0.666
neutral,0.9419
positive,0.9345
neutral,0.8303
negative,0.9495
neutral,0.8303
positive,0.8368
neutral,0.9406
negative,0.976
neutral,0.8303
negative,0.776
neutral,0.5879
positive,0.8286
neutral,0.7286
positive,0.8667
negative,0.8111
neutral,0.8303
positive,0.8346
neutral,0.8303
neutral,0.8675
neutral,0.7115
neutral,0.7293
neutral,0.8303
positive,0.7328
negative,0.9426
negative,0.965
negative,0.9175
positive,0.9457
neutral,0.4813
neutral,0.6584
negative,0.9427
positive,0.906
positive,0.8041
neutral,0.8303
neutral,0.8303
negative,0.973
negative,0.3544
neutral,0.8303
negative,0.7541
negative,0.9563
negative,0.9647
neutral,0.7681
negative,0.9713
neutral,0.5001
positive,0.5244
negative,0.6334
neutral,0.8466
positive,0.8485
positive,0.5451
neutral,0.8303
neutral,0.9028
negative,0.8822
positive,0.8249
negative,0.9389
neutral,0.8303
neutral,0.8303
neutral,0.684
neutral,0.9443
neutral,0.8235
positive,0.9187
negative,0.8744
positive,0.7393
neutral,0.9443
negative,0.9709
neutral,0.9391
positive,0.8998
neutral,0.8303
negative,0.9523
negative,0.9233
neutral,0.9118
neutral,0.7184
neutral,0.5895
neutral,0.8303
positive,0.955
positive,0.9159
positive,0.9273
neutral,0.4941
neutral,0.7632
positive,0.6346
neutral,0.8303
neutral,0.5599
negative,0.9754
negative,0.9752
neutral,0.8303
positive,0.7675
positive,0.9008
positive,0.929
neutral,0.7193
positive,0.9485
negative,0.9754
neutral,0.8408
positive,0.8241
negative,0.9361
negative,0.9736
neutral,0.9455
negative,0.9761
positive,0.9386
neutral,0.9405
negative,0.9636
neutral,0.8303
neutral,0.942
negative,0.9755
negative,0.9734
negative,0.947
negative,0.9415
negative,0.9283
positive,0.6811
negative,0.9584
negative,0.9661
neutral,0.5416
positive,0.5075
neutral,0.8303
negative,0.4746
neutral,0.8303
positive,0.6012
negative,0.8665
neutral,0.7913
positive,0.9171
positive,0.7091
neutral,0.832
positive,0.9427
neutral,0.8611
neutral,0.8341
neutral,0.832
negative,0.5421
negative,0.9601
neutral,0.832
positive,0.6526
negative,0.7856
negative,0.7856
positive,0.9185
positive,0.4493
neutral,0.4917
neutral,0.832
neutral,0.7385
neutral,0.9172
negative,0.9714
negative,0.8718
positive,0.6522
positive,0.5445
positive,0.9484
negative,0.9151
negative,0.9693
positive,0.9044
positive,0.6223
neutral,0.8233
neutral,0.832
positive,0.9388
neutral,0.832
neutral,0.857
positive,0.9557
neutral,0.7942
neutral,0.6164
neutral,0.832
positive,0.9478
neutral,0.7788
positive,0.9379
neutral,0.832
neutral,0.784
negative,0.8314
negative,0.8001
positive,0.7712
positive,0.5602
neutral,0.5704
neutral,0.6742
neutral,0.5462
negative,0.956
positive,0.7962
neutral,0.5733
negative,0.9263
negative,0.9721
negative,0.9656
positive,0.9204
positive,0.935
positive,0.8739
positive,0.6708
positive,0.7621
neutral,0.6254
neutral,0.7826
positive,0.8742
neutral,0.8602
negative,0.9736
positive,0.6022
neutral,0.7023
positive,0.9543
positive,0.9485
positive,0.9257
positive,0.8627
neutral,0.7251
neutral,0.5929
positive,0.8945
negative,0.8847
negative,0.8069
positive,0.5188
neutral,0.7641
neutral,0.9055
negative,0.5387
positive,0.5184
negative,0.9732
positive,0.8679
negative,0.9738
positive,0.8942
negative,0.9595
positive,0.9465
negative,0.5063
negative,0.5063
neutral,0.9457
positive,0.6153
neutral,0.7629
neutral,0.5496
positive,0.6286
neutral,0.8316
negative,0.7881
negative,0.9657
positive,0.949
neutral,0.8041
neutral,0.9396
neutral,0.8843
neutral,0.9094
negative,0.9583
neutral,0.8584
positive,0.5179
positive,0.6077
negative,0.9509
negative,0.9652
positive,0.9269
positive,0.5846
positive,0.9019
positive,0.7318
neutral,0.6252
positive,0.9321
positive,0.9236
negative,0.779
neutral,0.6059
neutral,0.8954
positive,0.854
neutral,0.9284
negative,0.9496
negative,0.9706
negative,0.969
positive,0.9049
positive,0.665
neutral,0.9119
neutral,0.901
positive,0.8685
positive,0.8902
positive,0.5765
negative,0.9657
positive,0.9383
positive,0.9349
negative,0.9705
negative,0.6938
positive,0.8705
neutral,0.8574
positive,0.9293
neutral,0.832
positive,0.9346
positive,0.5885
negative,0.8187
neutral,0.5049
positive,0.7776
neutral,0.8909
neutral,0.9456
negative,0.6161
negative,0.5458
neutral,0.832
negative,0.5458
negative,0.9757
positive,0.8031
positive,0.9436
negative,0.8861
positive,0.7535
negative,0.9744
negative,0.9739
negative,0.9754
negative,0.96
positive,0.539
positive,0.6477
positive,0.9479
neutral,0.8591
neutral,0.8499
positive,0.9527
negative,0.8782
positive,0.686
neutral,0.9194
positive,0.9564
positive,0.8058
positive,0.8035
positive,0.686
positive,0.6919
neutral,0.8118
negative,0.9704
neutral,0.832
neutral,0.6887
negative,0.963
positive,0.7041
neutral,0.5992
negative,0.9657
negative,0.5902
negative,0.9725
positive,0.8219
negative,0.9756
negative,0.8793
positive,0.9477
neutral,0.9413
positive,0.9474
negative,0.9735
neutral,0.7209
positive,0.9235
negative,0.9653
neutral,0.9429
positive,0.5116
neutral,0.832
neutral,0.7318
negative,0.9128
neutral,0.7529
negative,0.7629
negative,0.8494
negative,0.9667
neutral,0.9405
neutral,0.8574
neutral,0.8186
neutral,0.9419
neutral,0.8565
neutral,0.832
neutral,0.8299
neutral,0.7007
negative,0.9237
neutral,0.832
negative,0.8762
negative,0.8329
positive,0.9472
positive,0.7258
neutral,0.8431
neutral,0.9393
positive,0.4934
neutral,0.832
neutral,0.84
negative,0.9583
positive,0.8648
neutral,0.832
negative,0.9635
positive,0.4998
negative,0.6137
neutral,0.9281
neutral,0.832
negative,0.7444
neutral,0.9228
neutral,0.8534
negative,0.7267
positive,0.8043
negative,0.9593
negative,0.4868
positive,0.7544
negative,0.7966
positive,0.5756
negative,0.9614
neutral,0.766
negative,0.9184
neutral,0.7291
positive,0.5634
positive,0.5337
positive,0.63
neutral,0.832
positive,0.7762
neutral,0.913
positive,0.7873
neutral,0.8913
neutral,0.832
negative,0.9194
neutral,0.832
positive,0.9266
neutral,0.832
positive,0.9509
neutral,0.832
negative,0.9098
positive,0.9466
neutral,0.832
neutral,0.9128
positive,0.9499
negative,0.9604
negative,0.8871
positive,0.7697
positive,0.6717
positive,0.9536
neutral,0.5413
negative,0.7548
negative,0.8363
negative,0.9637
positive,0.5977
neutral,0.7466
positive,0.5975
neutral,0.9435
positive,0.5215
positive,0.8182
negative,0.9531
negative,0.5598
negative,0.6044
neutral,0.8411
neutral,0.8831
negative,0.9089
negative,0.9645
neutral,0.832
negative,0.9534
negative,0.9589
negative,0.9144
negative,0.5973
negative,0.8811
positive,0.4832
positive,0.6963
negative,0.9745
positive,0.9183
positive,0.5845
positive,0.9448
negative,0.9675
positive,0.8368
neutral,0.7552
negative,0.9674
positive,0.5031
negative,0.9727
neutral,0.7361
negative,0.9708
positive,0.938
positive,0.9367
neutral,0.4808
negative,0.9715
positive,0.5995
negative,0.9697
positive,0.4378
negative,0.975
positive,0.9433
negative,0.9618
positive,0.8293
negative,0.9669
negative,0.9674
neutral,0.7684
negative,0.9659
negative,0.9548
negative,0.9722
positive,0.5616
neutral,0.8814
positive,0.9117
neutral,0.543
positive,0.9467
neutral,0.7788
positive,0.9353
negative,0.9393
negative,0.961
positive,0.7365
negative,0.9314
positive,0.9295
neutral,0.8469
neutral,0.894
negative,0.9668
neutral,0.8857
positive,0.8136
positive,0.7588
positive,0.9473
positive,0.8893
neutral,0.7241
positive,0.8291
positive,0.9513
negative,0.8636
positive,0.4881
neutral,0.591
positive,0.5953
neutral,0.5641
negative,0.9564
negative,0.9737
negative,0.9729
negative,0.6437
negative,0.9583
negative,0.9559
negative,0.9745
negative,0.9737
negative,0.9734
negative,0.9734
neutral,0.6956
negative,0.9749
negative,0.9732
positive,0.9497
negative,0.9741
positive,0.6516
negative,0.9588
positive,0.937
positive,0.9497
positive,0.8885
positive,0.8026
negative,0.97
negative,0.9756
negative,0.9529
negative,0.9755
negative,0.9769
negative,0.8764
negative,0.9754
negative,0.9494
negative,0.9733
neutral,0.9331
negative,0.9737
negative,0.9696
negative,0.9683
positive,0.6055
positive,0.7099
positive,0.66
positive,0.7496
negative,0.5991
neutral,0.9259
negative,0.9724
positive,0.6569
neutral,0.676
positive,0.68
negative,0.9656
negative,0.9406
negative,0.9561
positive,0.9455
neutral,0.9206
negative,0.952
neutral,0.642
negative,0.941
positive,0.8682
positive,0.8869
positive,0.8079
negative,0.972
negative,0.863
positive,0.9546
positive,0.9377
neutral,0.9176
positive,0.8306
negative,0.9724
positive,0.7865
neutral,0.6031
negative,0.9634
negative,0.951
neutral,0.7805
neutral,0.8709
negative,0.9619
negative,0.4181
positive,0.5302
negative,0.6404
positive,0.9387
positive,0.4334
positive,0.8489
neutral,0.7745
negative,0.8179
negative,0.776
neutral,0.8491
negative,0.9679
positive,0.9258
neutral,0.9001
positive,0.6469
positive,0.5576
neutral,0.7629
negative,0.9714
neutral,0.7807
neutral,0.6231
negative,0.9034
negative,0.7171
positive,0.6071
negative,0.8879
negative,0.7171
positive,0.9511
negative,0.8278
negative,0.9602
positive,0.7689
negative,0.8171
negative,0.5881
negative,0.9144
positive,0.699
positive,0.885
positive,0.8396
neutral,0.6211
neutral,0.8708
positive,0.9175
neutral,0.9427
neutral,0.7662
neutral,0.9386
neutral,0.8715
negative,0.9519
negative,0.956
negative,0.9769
negative,0.956
negative,0.9207
negative,0.9726
neutral,0.9174
neutral,0.9359
positive,0.6476
positive,0.8713
neutral,0.806
neutral,0.7286
positive,0.7304
negative,0.9662
negative,0.8877
negative,0.9645
positive,0.6876
neutral,0.5479
negative,0.9721
negative,0.9052
positive,0.9445
negative,0.8287
negative,0.9138
negative,0.9673
neutral,0.8146
negative,0.9737
neutral,0.9151
neutral,0.9138
neutral,0.9276
negative,0.9739
negative,0.971
positive,0.6896
negative,0.8717
neutral,0.9282
positive,0.9477
positive,0.8733
neutral,0.5106
negative,0.9617
neutral,0.9408
positive,0.6636
positive,0.5556
positive,0.6291
negative,0.9619
neutral,0.7328
positive,0.5592
neutral,0.8929
neutral,0.8673
positive,0.9214
neutral,0.803
positive,0.8697
negative,0.4357
neutral,0.6038
neutral,0.8968
neutral,0.6038
positive,0.9415
neutral,0.8498
negative,0.8863
neutral,0.8759
negative,0.9493
negative,0.9736
neutral,0.61
negative,0.9182
neutral,0.8765
negative,0.9767
negative,0.9771
negative,0.5752
neutral,0.8819
negative,0.9062
negative,0.9647
positive,0.9452
negative,0.9748
positive,0.7964
positive,0.5548
positive,0.9564
negative,0.9685
negative,0.9715
positive,0.9154
neutral,0.8819
neutral,0.921
neutral,0.8753
positive,0.6055
negative,0.9151
positive,0.6132
negative,0.9752
neutral,0.9237
neutral,0.9159
positive,0.9521
positive,0.5508
positive,0.8198
neutral,0.9413
negative,0.9422
positive,0.8458
positive,0.8363
negative,0.9261
positive,0.8458
positive,0.5817
neutral,0.9237
neutral,0.5594
neutral,0.5423
negative,0.9276
negative,0.971
neutral,0.951
negative,0.911
positive,0.9499
neutral,0.8068
negative,0.9667
negative,0.9667
negative,0.9703
negative,0.9671
neutral,0.9236
negative,0.9366
neutral,0.7875
positive,0.6211
positive,0.9184
positive,0.9105
negative,0.9694
positive,0.8901
negative,0.8522
negative,0.5417
negative,0.95
negative,0.8838
positive,0.5493
negative,0.7206
neutral,0.9201
positive,0.806
negative,0.9706
negative,0.9681
negative,0.5206
neutral,0.5286
negative,0.9681
negative,0.5662
positive,0.9312
positive,0.3444
negative,0.9199
neutral,0.7082
neutral,0.9201
neutral,0.9349
positive,0.9121
neutral,0.8595
neutral,0.9349
neutral,0.8274
negative,0.8835
negative,0.9518
positive,0.8364
neutral,0.9201
positive,0.9467
positive,0.7632
positive,0.7506
neutral,0.9201
neutral,0.8151
positive,0.5139
neutral,0.896
negative,0.8319
negative,0.5445
negative,0.975
neutral,0.9201
neutral,0.9179
negative,0.9341
positive,0.9451
neutral,0.9202
negative,0.9678
positive,0.7633
negative,0.9712
positive,0.9493
negative,0.909
positive,0.5094
negative,0.957
neutral,0.8948
negative,0.9641
negative,0.4935
positive,0.7321
negative,0.9712
negative,0.9665
positive,0.9321
neutral,0.9201
neutral,0.9338
positive,0.8574
positive,0.515
positive,0.8922
neutral,0.8163
negative,0.9681
negative,0.5243
neutral,0.73
positive,0.717
positive,0.7433
positive,0.9286
positive,0.8861
negative,0.6478
negative,0.9607
neutral,0.9202
negative,0.837
negative,0.5982
negative,0.9685
neutral,0.5604
neutral,0.9201
negative,0.9626
positive,0.8922
negative,0.7395
positive,0.9394
negative,0.9112
positive,0.6923
positive,0.924
positive,0.793
negative,0.9732
negative,0.9197
positive,0.713
negative,0.9734
neutral,0.7917
neutral,0.9425
negative,0.9695
neutral,0.9201
positive,0.924
neutral,0.9083
negative,0.9516
neutral,0.7189
positive,0.9365
negative,0.8716
neutral,0.6991
negative,0.5706
negative,0.7051
negative,0.9534
neutral,0.5702
neutral,0.9201
negative,0.9739
positive,0.5339
negative,0.6872
neutral,0.781
neutral,0.7936
negative,0.9746
positive,0.9545
negative,0.9323
negative,0.9581
negative,0.9142
positive,0.8975
negative,0.6239
neutral,0.8936
neutral,0.6148
negative,0.7042
negative,0.8912
positive,0.9058
neutral,0.9201
negative,0.9323
positive,0.8141
positive,0.6755
neutral,0.7815
positive,0.9438
negative,0.9555
neutral,0.9276
negative,0.9666
neutral,0.9201
negative,0.9701
neutral,0.8939
neutral,0.9294
neutral,0.8728
neutral,0.9018
negative,0.9676
neutral,0.9201
neutral,0.9176
neutral,0.9196
negative,0.7757
negative,0.6261
negative,0.9028
negative,0.9755
positive,0.6418
positive,0.7304
negative,0.701
neutral,0.847
neutral,0.8314
positive,0.5977
positive,0.9435
positive,0.6505
positive,0.7525
positive,0.9096
positive,0.8371
positive,0.874
neutral,0.9201
positive,0.4961
neutral,0.9436
positive,0.542
positive,0.7243
positive,0.8831
positive,0.7711
neutral,0.9201
negative,0.9761
negative,0.6448
positive,0.888
negative,0.8729
positive,0.938
negative,0.9356
neutral,0.9201
negative,0.9478
positive,0.5152
positive,0.9028
neutral,0.5091
negative,0.7404
neutral,0.5091
neutral,0.7415
positive,0.9342
neutral,0.636
positive,0.8716
positive,0.8883
negative,0.9634
positive,0.8476
neutral,0.5949
negative,0.9662
negative,0.9538
neutral,0.9201
negative,0.8442
negative,0.9733
neutral,0.7851
neutral,0.9432
neutral,0.9353
neutral,0.8799
neutral,0.9201
negative,0.9601
neutral,0.9112
negative,0.887
negative,0.8617
negative,0.8354
negative,0.9527
neutral,0.9332
positive,0.9426
neutral,0.9201
positive,0.5977
negative,0.9714
neutral,0.6126
positive,0.9277
positive,0.6236
positive,0.5813
positive,0.9066
negative,0.956
positive,0.9252
positive,0.5826
positive,0.557
negative,0.9503
positive,0.7652
neutral,0.9201
neutral,0.916
negative,0.911
positive,0.7563
neutral,0.9367
negative,0.9609
positive,0.9538
positive,0.5896
neutral,0.5067
positive,0.7437
neutral,0.5658
neutral,0.9368
negative,0.9104
negative,0.5796
negative,0.9644
positive,0.8322
neutral,0.9293
negative,0.9067
negative,0.9167
neutral,0.6563
neutral,0.8841
neutral,0.8865
negative,0.9257
positive,0.9282
positive,0.9303
negative,0.9707
positive,0.9462
negative,0.9562
positive,0.9392
positive,0.8388
negative,0.9742
positive,0.8606
neutral,0.5073
positive,0.6889
positive,0.9426
positive,0.5655
negative,0.5794
positive,0.9278
neutral,0.9201
neutral,0.8786
negative,0.9479
negative,0.9566
positive,0.4074
negative,0.968
positive,0.921
positive,0.9406
positive,0.5794
positive,0.9208
positive,0.6882
negative,0.567
negative,0.9691
negative,0.9685
negative,0.9736
positive,0.9323
negative,0.9742
positive,0.9174
negative,0.9652
negative,0.975
negative,0.9614
negative,0.9757
positive,0.9405
neutral,0.7514
negative,0.9697
positive,0.9026
neutral,0.9048
positive,0.9179
positive,0.9332
positive,0.6066
negative,0.9752
negative,0.969
negative,0.9734
positive,0.9487
neutral,0.751
positive,0.595
positive,0.9447
neutral,0.8124
neutral,0.934
neutral,0.9227
positive,0.5912
negative,0.9728
negative,0.8529
neutral,0.8822
negative,0.9747
neutral,0.5097
positive,0.5621
positive,0.4893
positive,0.5818
positive,0.5672
negative,0.9405
negative,0.974
negative,0.9744
positive,0.8916
negative,0.9743
negative,0.9642
neutral,0.8968
neutral,0.7912
positive,0.7788
neutral,0.829
neutral,0.9438
negative,0.9268
positive,0.821
neutral,0.7344
neutral,0.8822
positive,0.8804
neutral,0.8979
positive,0.538
positive,0.8699
neutral,0.8822
negative,0.9735
positive,0.5898
negative,0.9693
negative,0.9712
negative,0.9747
neutral,0.9056
positive,0.9546
neutral,0.9366
neutral,0.9201
negative,0.9567
positive,0.9416
negative,0.9287
neutral,0.5941
neutral,0.9173
negative,0.962
negative,0.912
negative,0.9441
neutral,0.9032
neutral,0.9201
negative,0.9678
positive,0.4818
positive,0.9291
negative,0.6075
positive,0.6283
neutral,0.8545
positive,0.9291
negative,0.7373
neutral,0.9201
negative,0.9441
negative,0.5304
negative,0.9543
negative,0.9638
positive,0.7844
positive,0.5742
negative,0.6183
positive,0.6283
neutral,0.5026
negative,0.965
neutral,0.9201
neutral,0.9008
negative,0.9717
negative,0.6177
positive,0.9513
negative,0.8378
negative,0.9501
neutral,0.9396
negative,0.7927
negative,0.9755
neutral,0.5993
neutral,0.6428
neutral,0.9042
positive,0.5771
positive,0.6281
negative,0.8313
neutral,0.9201
positive,0.6365
neutral,0.6157
negative,0.8061
negative,0.9666
negative,0.9716
negative,0.9654
negative,0.9763
negative,0.9352
neutral,0.9223
positive,0.6378
negative,0.9508
neutral,0.9201
positive,0.8454
negative,0.5408
negative,0.9566
negative,0.7226
negative,0.9566
negative,0.9629
negative,0.9749
positive,0.9173
negative,0.9646
negative,0.8551
positive,0.9425
neutral,0.8533
positive,0.9297
neutral,0.8118
neutral,0.9201
positive,0.8907
neutral,0.9331
negative,0.9701
positive,0.9466
negative,0.9721
negative,0.935
negative,0.9724
neutral,0.8384
negative,0.9215
neutral,0.9509
positive,0.6621
neutral,0.6293
neutral,0.7168
positive,0.9503
neutral,0.5867
negative,0.943
neutral,0.9004
neutral,0.6594
neutral,0.9201
negative,0.9761
neutral,0.5341
neutral,0.9118
positive,0.9297
positive,0.7911
neutral,0.8131
negative,0.9588
positive,0.9078
negative,0.6595
neutral,0.9201
neutral,0.7924
negative,0.6968
neutral,0.6839
neutral,0.923
neutral,0.9297
neutral,0.9201
negative,0.5947
positive,0.3548
neutral,0.885
negative,0.8996
negative,0.5702
positive,0.8663
positive,0.4518
negative,0.9613
positive,0.9329
neutral,0.9201
negative,0.9475
neutral,0.9299
positive,0.6876
positive,0.8945
neutral,0.939
negative,0.6616
positive,0.6684
neutral,0.9201
neutral,0.9333
neutral,0.9201
negative,0.9237
neutral,0.9211
negative,0.9645
negative,0.9709
negative,0.9695
negative,0.7181
neutral,0.95
positive,0.5383
positive,0.7591
positive,0.9264
negative,0.9713
neutral,0.6006
neutral,0.9201
negative,0.9724
positive,0.6074
positive,0.5041
positive,0.6264
positive,0.5066
negative,0.9679
positive,0.84
negative,0.9606
negative,0.9698
positive,0.4906
neutral,0.942
positive,0.8908
positive,0.9356
positive,0.9451
negative,0.9634
neutral,0.5164
negative,0.9746
neutral,0.8984
negative,0.8293
negative,0.7167
neutral,0.9201
positive,0.7475
negative,0.9712
negative,0.8273
negative,0.9694
neutral,0.7279
neutral,0.9126
positive,0.9319
neutral,0.9201
negative,0.974
negative,0.9733
neutral,0.7071
positive,0.9306
positive,0.9322
positive,0.9333
neutral,0.4995
neutral,0.6499
neutral,0.9201
neutral,0.815
negative,0.827
neutral,0.7241
positive,0.9374
negative,0.9513
negative,0.5702
positive,0.602
positive,0.9057
negative,0.5099
neutral,0.9201
neutral,0.7983
negative,0.9521
positive,0.6384
negative,0.8376
neutral,0.9201
positive,0.9374
neutral,0.7441
positive,0.9537
positive,0.904
negative,0.9679
negative,0.907
neutral,0.7197
positive,0.7196
negative,0.9622
positive,0.9391
positive,0.9234
negative,0.6562
negative,0.9698
neutral,0.9201
negative,0.9436
positive,0.9131
positive,0.7855
positive,0.9111
positive,0.8176
negative,0.9747
negative,0.967
negative,0.9723
negative,0.9639
neutral,0.9238
negative,0.9705
neutral,0.6801
neutral,0.8616
neutral,0.8579
negative,0.9605
neutral,0.48
neutral,0.9082
negative,0.9716
neutral,0.9201
negative,0.9472
negative,0.9722
negative,0.67
positive,0.5155
positive,0.9466
negative,0.9474
negative,0.9288
positive,0.8664
negative,0.9395
negative,0.9032
neutral,0.9201
negative,0.973
neutral,0.9201
negative,0.9682
negative,0.9701
negative,0.97
neutral,0.9173
negative,0.9702
positive,0.871
positive,0.5291
positive,0.6197
negative,0.9699
positive,0.5291
neutral,0.642
negative,0.9673
neutral,0.6419
neutral,0.5622
negative,0.5672
negative,0.9137
negative,0.9735
neutral,0.8668
negative,0.9582
negative,0.866
negative,0.9619
positive,0.4216
neutral,0.5758
negative,0.9708
neutral,0.9201
positive,0.9479
negative,0.8109
negative,0.9429
negative,0.9734
negative,0.6369
negative,0.9665
neutral,0.6419
negative,0.9639
negative,0.9429
positive,0.7828
negative,0.9735
negative,0.9683
negative,0.9249
neutral,0.9201
negative,0.9735
neutral,0.9201
negative,0.686
positive,0.6715
negative,0.5802
negative,0.4293
negative,0.9724
negative,0.6284
positive,0.6
negative,0.9642
negative,0.9721
neutral,0.9157
negative,0.968
negative,0.9708
neutral,0.8999
neutral,0.8999
negative,0.6959
neutral,0.7561
positive,0.7339
neutral,0.8861
positive,0.8889
neutral,0.602
neutral,0.9384
positive,0.7245
negative,0.9343
neutral,0.8861
negative,0.9372
positive,0.8607
neutral,0.9199
negative,0.9669
neutral,0.9199
positive,0.9376
negative,0.9617
positive,0.913
positive,0.7028
positive,0.9413
positive,0.8943
positive,0.9414
neutral,0.9201
positive,0.6895
neutral,0.9218
positive,0.939
positive,0.9456
positive,0.9479
positive,0.9407
positive,0.5011
neutral,0.8628
positive,0.9318
positive,0.8889
negative,0.7631
neutral,0.9328
positive,0.7798
negative,0.8986
positive,0.9365
negative,0.9744
neutral,0.874
neutral,0.9201
negative,0.9645
neutral,0.9201
positive,0.6663
positive,0.8646
positive,0.8175
positive,0.6866
negative,0.7828
negative,0.9675
positive,0.8912
positive,0.6663
neutral,0.8642
negative,0.5333
negative,0.869
neutral,0.8743
negative,0.9644
neutral,0.9201
neutral,0.8663
neutral,0.5629
positive,0.8814
positive,0.6694
negative,0.9533
negative,0.9684
negative,0.9752
neutral,0.9371
positive,0.9566
positive,0.9464
negative,0.8447
positive,0.403
neutral,0.5202
neutral,0.9201
negative,0.9749
negative,0.971
neutral,0.8809
neutral,0.9201
negative,0.9588
negative,0.945
neutral,0.9059
negative,0.9729
positive,0.92
neutral,0.548
negative,0.8628
neutral,0.8571
positive,0.7705
positive,0.6848
positive,0.9514
neutral,0.9201
negative,0.9748
positive,0.9493
positive,0.8888
negative,0.9673
negative,0.9695
positive,0.9323
negative,0.9578
negative,0.9637
positive,0.9326
positive,0.69
positive,0.5475
positive,0.7291
neutral,0.9201
neutral,0.7246
neutral,0.7521
positive,0.9135
positive,0.526
positive,0.8794
positive,0.8195
neutral,0.864
negative,0.9419
negative,0.916
positive,0.8643
neutral,0.9428
neutral,0.904
neutral,0.8154
neutral,0.9375
neutral,0.9201
positive,0.9473
neutral,0.9219
negative,0.7798
negative,0.9755
positive,0.9269
positive,0.882
positive,0.9269
negative,0.8539
negative,0.8802
positive,0.6165
positive,0.9334
neutral,0.9201
positive,0.9313
negative,0.9609
negative,0.9668
neutral,0.5294
negative,0.9503
positive,0.8195
neutral,0.7975
negative,0.9758
positive,0.95
positive,0.9264
neutral,0.5066
positive,0.9023
positive,0.93
negative,0.9767
negative,0.9698
neutral,0.8668
negative,0.9698
negative,0.97
neutral,0.8822
positive,0.7813
negative,0.9686
positive,0.8193
negative,0.9737
positive,0.8079
negative,0.9732
negative,0.9713
positive,0.9023
negative,0.4493
negative,0.9753
negative,0.4493
positive,0.8576
positive,0.8544
negative,0.6637
negative,0.9742
negative,0.4493
positive,0.9023
negative,0.9752
negative,0.9739
negative,0.9516
negative,0.5478
negative,0.9744
negative,0.9752
negative,0.9732
positive,0.9447
positive,0.9396
positive,0.5634
negative,0.9492
negative,0.9619
negative,0.9642
neutral,0.7432
positive,0.6426
neutral,0.9207
positive,0.7187
positive,0.6326
negative,0.9736
positive,0.4824
negative,0.7882
neutral,0.6576
positive,0.9472
negative,0.9743
negative,0.9636
positive,0.5633
neutral,0.5818
negative,0.9655
negative,0.6226
negative,0.5308
neutral,0.9056
negative,0.5308
neutral,0.5261
neutral,0.8088
positive,0.9119
positive,0.8989
negative,0.9456
positive,0.8156
neutral,0.5379
neutral,0.9056
positive,0.7616
neutral,0.8882
positive,0.6606
positive,0.9108
positive,0.6396
neutral,0.742
neutral,0.9058
positive,0.891
negative,0.9018
negative,0.5993
neutral,0.9386
positive,0.9032
neutral,0.9056
positive,0.874
neutral,0.9089
positive,0.9396
negative,0.9723
negative,0.7473
neutral,0.9056
neutral,0.9181
negative,0.9742
neutral,0.7078
neutral,0.9056
negative,0.9012
positive,0.9404
neutral,0.8879
neutral,0.9126
negative,0.5381
negative,0.8078
negative,0.8916
negative,0.9656
positive,0.7494
positive,0.5262
neutral,0.6393
neutral,0.9056
positive,0.9285
negative,0.9097
neutral,0.7414
negative,0.9687
positive,0.5298
negative,0.7978
negative,0.9416
neutral,0.7914
negative,0.9416
neutral,0.9227
neutral,0.9056
positive,0.9236
neutral,0.8651
negative,0.6522
negative,0.8926
neutral,0.9056
positive,0.9284
negative,0.9436
negative,0.9225
neutral,0.5241
negative,0.9745
negative,0.9656
negative,0.9684
negative,0.9673
neutral,0.5711
negative,0.9693
negative,0.9536
negative,0.9688
negative,0.9725
negative,0.9728
negative,0.97
negative,0.9642
neutral,0.9153
positive,0.5964
negative,0.9752
negative,0.9723
negative,0.9434
negative,0.7976
negative,0.8444
negative,0.789
negative,0.9661
neutral,0.9153
neutral,0.8233
positive,0.7496
positive,0.9065
neutral,0.9153
positive,0.9065
negative,0.7812
negative,0.9694
positive,0.9449
positive,0.9448
negative,0.7472
negative,0.9707
negative,0.7738
positive,0.833
negative,0.361
negative,0.7738
negative,0.5192
negative,0.9722
neutral,0.9153
negative,0.9565
negative,0.5229
negative,0.9721
neutral,0.8839
negative,0.9617
negative,0.5229
negative,0.9615
neutral,0.5473
negative,0.9187
neutral,0.8621
neutral,0.6694
negative,0.974
positive,0.8582
neutral,0.9153
neutral,0.7463
neutral,0.9273
positive,0.6838
neutral,0.7177
neutral,0.873
neutral,0.9153
positive,0.7868
neutral,0.9146
positive,0.9473
positive,0.7959
positive,0.8287
negative,0.973
negative,0.9657
positive,0.8889
neutral,0.7865
neutral,0.9153
neutral,0.5683
positive,0.7523
positive,0.925
negative,0.9418
neutral,0.8782
neutral,0.9294
positive,0.9355
positive,0.9355
negative,0.5608
neutral,0.9031
negative,0.9713
negative,0.9747
negative,0.9748
positive,0.911
positive,0.6816
negative,0.9717
neutral,0.8903
positive,0.7898
positive,0.911
positive,0.4618
neutral,0.5042
negative,0.9095
neutral,0.8787
positive,0.911
negative,0.9617
neutral,0.6275
neutral,0.4963
negative,0.8974
positive,0.5864
positive,0.5133
neutral,0.8822
neutral,0.8824
negative,0.9564
neutral,0.8803
negative,0.9616
positive,0.8937
positive,0.8427
positive,0.8427
positive,0.8982
positive,0.9186
positive,0.9479
positive,0.7086
positive,0.932
neutral,0.9442
neutral,0.9437
negative,0.9606
neutral,0.9197
positive,0.8524
negative,0.9391
neutral,0.8467
negative,0.9497
positive,0.9042
positive,0.7879
neutral,0.9407
positive,0.937
negative,0.9491
positive,0.9475
negative,0.8437
positive,0.7879
positive,0.5567
neutral,0.9021
negative,0.9733
negative,0.9016
negative,0.8419
negative,0.9669
neutral,0.831
negative,0.9339
positive,0.6237
neutral,0.9188
positive,0.8684
negative,0.4078
neutral,0.6632
negative,0.6509
negative,0.9531
negative,0.9541
negative,0.9183
negative,0.5376
negative,0.9695
negative,0.8894
negative,0.9682
neutral,0.7346
negative,0.9743
negative,0.9407
negative,0.947
neutral,0.8022
negative,0.9648
negative,0.9717
negative,0.8591
neutral,0.8847
negative,0.8591
positive,0.8785
negative,0.9481
neutral,0.9204
positive,0.9338
neutral,0.9108
negative,0.9658
negative,0.7676
positive,0.9325
positive,0.7054
neutral,0.9406
neutral,0.9123
neutral,0.6898
neutral,0.5431
neutral,0.9016
negative,0.9561
neutral,0.7027
negative,0.9622
negative,0.9481
negative,0.9734
negative,0.9569
negative,0.576
negative,0.9356
neutral,0.8172
neutral,0.9054
neutral,0.5464
negative,0.9705
positive,0.6971
positive,0.7362
neutral,0.706
neutral,0.7047
positive,0.7545
neutral,0.8004
neutral,0.8382
neutral,0.5088
neutral,0.8199
positive,0.9138
positive,0.9362
neutral,0.7132
positive,0.9362
positive,0.8571
negative,0.6228
positive,0.8372
negative,0.6259
positive,0.5269
neutral,0.5199
negative,0.8788
positive,0.6229
positive,0.82
positive,0.5165
positive,0.72
neutral,0.8188
negative,0.9708
neutral,0.6692
negative,0.5965
negative,0.9562
positive,0.8608
neutral,0.8264
neutral,0.6686
neutral,0.5932
positive,0.8626
neutral,0.8396
positive,0.8
positive,0.8122
positive,0.9322
positive,0.8833
negative,0.9518
positive,0.9012
negative,0.923
positive,0.9528
negative,0.8154
negative,0.953
neutral,0.8562
positive,0.5661
positive,0.8803
negative,0.9131
negative,0.7781
negative,0.9069
positive,0.942
negative,0.923
neutral,0.8894
neutral,0.9235
positive,0.8475
positive,0.6418
neutral,0.5813
neutral,0.7952
neutral,0.55
negative,0.9144
negative,0.7733
negative,0.8177
positive,0.9272
neutral,0.918
neutral,0.7686
negative,0.5511
neutral,0.8441
neutral,0.9406
negative,0.9447
positive,0.9114
negative,0.9111
negative,0.8312
negative,0.9247
positive,0.7529
negative,0.9599
positive,0.8804
negative,0.9539
positive,0.7579
negative,0.6522
negative,0.9643
positive,0.8111
negative,0.7101
negative,0.9742
neutral,0.79
neutral,0.8109
negative,0.6969
negative,0.7775
negative,0.8613
negative,0.9707
positive,0.8111
positive,0.5997
neutral,0.8319
negative,0.9571
negative,0.8602
negative,0.976
negative,0.9308
neutral,0.8939
negative,0.9439
positive,0.9436
positive,0.8159
neutral,0.9418
negative,0.9678
negative,0.9648
positive,0.9435
neutral,0.8415
negative,0.9402
neutral,0.8642
positive,0.6554
positive,0.815
neutral,0.868
negative,0.9742
positive,0.9018
negative,0.9219
negative,0.9696
positive,0.9201
negative,0.9625
negative,0.9399
positive,0.9276
positive,0.8705
negative,0.9389
negative,0.969
positive,0.5412
neutral,0.834
negative,0.9574
negative,0.9719
neutral,0.4913
negative,0.9015
neutral,0.7552
positive,0.876
positive,0.7874
neutral,0.5143
neutral,0.5904
neutral,0.808
negative,0.9102
negative,0.9102
positive,0.6466
positive,0.5656
neutral,0.5867
neutral,0.5867
negative,0.8627
neutral,0.9369
negative,0.9687
neutral,0.865
positive,0.9412
positive,0.5017
negative,0.9673
negative,0.4149
negative,0.7958
negative,0.968
negative,0.9725
neutral,0.6137
positive,0.5714
positive,0.9378
negative,0.9742
positive,0.9463
positive,0.604
positive,0.7261
positive,0.7973
positive,0.9319
positive,0.6669
positive,0.8243
positive,0.9417
positive,0.862
negative,0.9688
positive,0.7811
positive,0.8443
negative,0.9086
negative,0.9214
positive,0.8741
neutral,0.8876
negative,0.9404
negative,0.9355
negative,0.9706
neutral,0.8571
neutral,0.6377
neutral,0.9421
negative,0.6954
negative,0.9735
negative,0.9663
negative,0.9725
negative,0.9702
negative,0.9044
negative,0.9342
negative,0.97
negative,0.7546
negative,0.6456
neutral,0.5922
negative,0.9602
positive,0.9446
negative,0.9678
positive,0.9004
positive,0.8708
neutral,0.8679
negative,0.9462
positive,0.8126
positive,0.9444
negative,0.5457
negative,0.9213
neutral,0.745
positive,0.8231
positive,0.7924
positive,0.9365
neutral,0.7104
positive,0.8789
positive,0.9348
positive,0.8309
negative,0.6709
positive,0.9469
positive,0.8642
negative,0.4917
positive,0.9272
negative,0.9751
neutral,0.8589
positive,0.6438
negative,0.9739
negative,0.9023
negative,0.7243
positive,0.8318
negative,0.9729
negative,0.6987
negative,0.9424
negative,0.9447
negative,0.971
positive,0.9279
negative,0.9655
negative,0.9687
positive,0.9434
negative,0.973
negative,0.7539
neutral,0.9409
positive,0.6207
neutral,0.9431
negative,0.9725
negative,0.976
negative,0.9646
negative,0.9719
negative,0.9685
negative,0.9534
negative,0.9713
positive,0.7451
negative,0.8597
positive,0.9503
negative,0.9755
negative,0.9424
negative,0.971
neutral,0.5035
neutral,0.8822
negative,0.9624
positive,0.8121
negative,0.9631
negative,0.97
positive,0.9333
negative,0.9699
negative,0.9755
positive,0.7076
negative,0.7457
neutral,0.8265
negative,0.7937
positive,0.8383
neutral,0.8829
positive,0.6008
negative,0.8003
positive,0.9454
neutral,0.9482
positive,0.7844
negative,0.9216
positive,0.7627
positive,0.9307
negative,0.802
neutral,0.8364
negative,0.441
negative,0.8341
negative,0.9304
negative,0.9733
positive,0.9515
neutral,0.8561
negative,0.7797
positive,0.9598
positive,0.4634
neutral,0.8223
neutral,0.8457
positive,0.8784
neutral,0.9153
negative,0.6938
positive,0.5647
neutral,0.9467
negative,0.9729
neutral,0.9335
negative,0.9462
positive,0.8616
neutral,0.876
neutral,0.9025
positive,0.6313
negative,0.9661
neutral,0.7877
neutral,0.9153
neutral,0.8922
neutral,0.85
positive,0.685
negative,0.967
positive,0.6522
neutral,0.5181
negative,0.8311
neutral,0.938
negative,0.7725
neutral,0.9056
negative,0.972
positive,0.7876
neutral,0.9056
negative,0.9712
negative,0.4806
positive,0.8212
negative,0.9416
positive,0.8796
negative,0.8911
neutral,0.9056
positive,0.803
neutral,0.6823
neutral,0.9388
negative,0.9312
negative,0.9758
neutral,0.5983
negative,0.9232
negative,0.7643
neutral,0.9182
negative,0.9758
neutral,0.9056
positive,0.6205
neutral,0.5427
negative,0.9737
neutral,0.883
neutral,0.611
neutral,0.9056
negative,0.9737
positive,0.8139
neutral,0.9056
positive,0.8333
negative,0.9355
positive,0.8021
negative,0.9754
negative,0.6854
neutral,0.6739
neutral,0.8365
positive,0.9201
positive,0.8429
negative,0.9307
neutral,0.9056
negative,0.9383
negative,0.9729
neutral,0.6634
negative,0.9657
positive,0.8736
negative,0.9119
neutral,0.9056
neutral,0.9404
positive,0.5681
negative,0.9688
neutral,0.9302
positive,0.9358
neutral,0.9056
negative,0.9481
positive,0.7321
neutral,0.8586
positive,0.9283
positive,0.9254
positive,0.7488
negative,0.8572
neutral,0.9331
positive,0.8988
positive,0.9321
neutral,0.9226
neutral,0.6089
neutral,0.9409
negative,0.494
negative,0.9679
negative,0.9476
neutral,0.9056
neutral,0.8314
neutral,0.8453
neutral,0.822
neutral,0.7986
neutral,0.9056
negative,0.8418
negative,0.9263
neutral,0.9269
negative,0.6998
neutral,0.8367
positive,0.9051
negative,0.9646
neutral,0.9056
positive,0.7343
negative,0.9292
negative,0.4977
neutral,0.5849
positive,0.6505
positive,0.5222
positive,0.9482
neutral,0.6274
neutral,0.9347
neutral,0.9014
negative,0.5328
negative,0.9668
positive,0.9212
neutral,0.6727
neutral,0.9056
positive,0.6997
neutral,0.9353
negative,0.9687
negative,0.9499
neutral,0.8461
negative,0.5767
positive,0.7045
negative,0.9572
negative,0.9278
neutral,0.7867
negative,0.962
neutral,0.9117
positive,0.6348
neutral,0.9004
positive,0.8313
negative,0.8828
negative,0.9095
negative,0.7089
negative,0.9342
positive,0.9432
neutral,0.6416
neutral,0.9056
neutral,0.9357
negative,0.9392
positive,0.9366
neutral,0.881
neutral,0.9273
neutral,0.7258
neutral,0.9056
neutral,0.8159
positive,0.7493
neutral,0.5491
neutral,0.8595
neutral,0.9268
negative,0.9651
positive,0.9344
positive,0.5779
positive,0.7379
neutral,0.5446
negative,0.9518
positive,0.9406
neutral,0.8809
positive,0.6417
neutral,0.946
negative,0.9115
positive,0.7027
neutral,0.9056
negative,0.9288
neutral,0.9056
negative,0.6046
positive,0.9335
positive,0.6731
negative,0.9097
neutral,0.9042
neutral,0.9233
neutral,0.8603
negative,0.4827
negative,0.9661
positive,0.9211
positive,0.9486
neutral,0.9056
negative,0.9677
positive,0.6703
negative,0.9286
neutral,0.843
negative,0.9075
neutral,0.9056
positive,0.939
neutral,0.912
positive,0.6773
neutral,0.9213
negative,0.6757
positive,0.79
neutral,0.9056
positive,0.7799
negative,0.8942
positive,0.7311
negative,0.8854
negative,0.9424
positive,0.8663
negative,0.5183
neutral,0.5162
negative,0.8462
neutral,0.9427
negative,0.6772
positive,0.8636
negative,0.4834
negative,0.5248
positive,0.9481
negative,0.8718
neutral,0.6658
neutral,0.862
neutral,0.9078
positive,0.5924
neutral,0.6313
neutral,0.8761
positive,0.9327
neutral,0.9362
positive,0.5492
neutral,0.9456
positive,0.8245
positive,0.929
positive,0.9432
neutral,0.9016
positive,0.9437
positive,0.9195
positive,0.7356
positive,0.8788
neutral,0.6821
positive,0.9019
neutral,0.9069
negative,0.9648
neutral,0.9398
negative,0.8111
negative,0.9471
negative,0.8507
neutral,0.767
negative,0.7354
neutral,0.4985
positive,0.9469
negative,0.95
negative,0.7869
neutral,0.7514
negative,0.9458
positive,0.9381
neutral,0.8933
negative,0.9588
positive,0.9053
positive,0.9371
positive,0.5486
negative,0.7499
positive,0.9026
negative,0.9625
neutral,0.8115
positive,0.8982
neutral,0.5664
positive,0.5007
negative,0.5506
neutral,0.764
positive,0.7468
neutral,0.9461
neutral,0.8442
positive,0.6672
neutral,0.7008
positive,0.5816
neutral,0.6084
positive,0.5143
negative,0.9169
positive,0.7947
positive,0.5817
neutral,0.9287
positive,0.8337
neutral,0.9291
positive,0.902
positive,0.8411
positive,0.8432
positive,0.845
positive,0.8507
neutral,0.6363
positive,0.8913
positive,0.8393
neutral,0.8979
neutral,0.9322
positive,0.9337
positive,0.9355
positive,0.9469
positive,0.8295
positive,0.7978
negative,0.7886
positive,0.8562
positive,0.9074
negative,0.9523
positive,0.7758
positive,0.8064
positive,0.9215
positive,0.9147
positive,0.7662
negative,0.9367
positive,0.8756
negative,0.8675
positive,0.9365
positive,0.8248
negative,0.9406
positive,0.7455
neutral,0.7183
positive,0.718
neutral,0.788
neutral,0.8401
neutral,0.8204
neutral,0.5136
positive,0.5071
neutral,0.6393
positive,0.9227
neutral,0.7015
positive,0.6536
positive,0.8516
neutral,0.9292
positive,0.9311
positive,0.8894
neutral,0.9151
neutral,0.4977
negative,0.7255
positive,0.9413
positive,0.912
positive,0.9351
neutral,0.5585
positive,0.9582
negative,0.5938
negative,0.7352
positive,0.9477
positive,0.7515
positive,0.9085
positive,0.9358
positive,0.9272
negative,0.9727
positive,0.8794
positive,0.8487
positive,0.8383
positive,0.9497
positive,0.9551
positive,0.9294
negative,0.9546
neutral,0.7508
positive,0.7467
neutral,0.8121
neutral,0.9052
negative,0.9732
positive,0.4925
positive,0.9051
positive,0.8191
positive,0.9156
neutral,0.4979
positive,0.6777
positive,0.893
positive,0.919
negative,0.9494
positive,0.7942
positive,0.9495
negative,0.7835
negative,0.9129
positive,0.9066
neutral,0.9341
neutral,0.9065
neutral,0.7175
neutral,0.6113
negative,0.9555
negative,0.9591
negative,0.9734
negative,0.972
neutral,0.9078
negative,0.7874
negative,0.4807
neutral,0.5582
positive,0.8661
neutral,0.5282
positive,0.8062
positive,0.6102
positive,0.7156
neutral,0.6918
positive,0.5643
neutral,0.7676
neutral,0.8995
neutral,0.9038
neutral,0.8927
negative,0.9618
neutral,0.7466
neutral,0.6597
neutral,0.8411
neutral,0.8488
negative,0.5852
neutral,0.9356
negative,0.9397
neutral,0.7149
neutral,0.5559
neutral,0.7648
negative,0.8886
negative,0.9606
neutral,0.8719
neutral,0.8776
neutral,0.8714
negative,0.9544
neutral,0.7825
neutral,0.9168
positive,0.9316
negative,0.972
positive,0.7349
negative,0.8888
negative,0.9574
neutral,0.6403
neutral,0.9253
positive,0.9461
neutral,0.8189
positive,0.7194
positive,0.5947
neutral,0.8272
neutral,0.9416
negative,0.9522
neutral,0.6142
negative,0.9365
negative,0.7715
positive,0.8645
negative,0.9601
neutral,0.646
positive,0.9153
negative,0.7095
negative,0.9667
positive,0.5598
negative,0.5662
neutral,0.9231
negative,0.5488
neutral,0.9269
neutral,0.916
neutral,0.7995
neutral,0.5676
negative,0.8331
positive,0.8913
positive,0.952
negative,0.9631
neutral,0.672
positive,0.9503
neutral,0.6094
positive,0.77
neutral,0.7869
negative,0.9669
neutral,0.8749
negative,0.5765
neutral,0.8819
neutral,0.92
neutral,0.9444
negative,0.9163
negative,0.9695
positive,0.5013
neutral,0.7379
positive,0.8728
neutral,0.9075
positive,0.8042
positive,0.669
negative,0.5223
negative,0.6253
neutral,0.9332
neutral,0.73
negative,0.9724
negative,0.9454
neutral,0.514
positive,0.7645
neutral,0.9397
negative,0.5223
negative,0.6983
neutral,0.7051
positive,0.9375
positive,0.8976
positive,0.6915
positive,0.8864
positive,0.6975
negative,0.9635
neutral,0.5605
negative,0.9542
neutral,0.7185
neutral,0.9466
neutral,0.7668
positive,0.644
positive,0.9206
neutral,0.9387
neutral,0.8953
neutral,0.9402
negative,0.9638
neutral,0.9354
negative,0.9689
neutral,0.8194
neutral,0.8918
positive,0.9559
neutral,0.8249
neutral,0.8292
positive,0.9498
neutral,0.7961
neutral,0.94
neutral,0.7721
negative,0.9496
neutral,0.9216
neutral,0.9415
neutral,0.7718
neutral,0.9436
neutral,0.9003
neutral,0.8808
neutral,0.9325
negative,0.9742
neutral,0.9093
negative,0.974
neutral,0.9514
positive,0.9574
negative,0.9719
negative,0.9747
neutral,0.8871
neutral,0.8988
negative,0.5895
positive,0.896
neutral,0.9137
negative,0.9342
positive,0.9254
positive,0.6802
negative,0.9626
positive,0.9369
positive,0.8741
negative,0.9069
neutral,0.8966
negative,0.809
negative,0.9748
positive,0.9485
negative,0.7907
neutral,0.827
negative,0.9355
neutral,0.4951
neutral,0.938
neutral,0.4627
neutral,0.6543
positive,0.7319
negative,0.8808
positive,0.9231
neutral,0.7691
positive,0.9526
neutral,0.5326
positive,0.8722
neutral,0.8676
neutral,0.7195
positive,0.9556
neutral,0.942
neutral,0.8219
neutral,0.9096
neutral,0.7141
positive,0.5754
neutral,0.776
neutral,0.8222
positive,0.9282
positive,0.9029
positive,0.9303
positive,0.8711
neutral,0.9394
negative,0.9592
neutral,0.7391
negative,0.7327
neutral,0.9343
neutral,0.9379
neutral,0.8486
neutral,0.8673
positive,0.6577
positive,0.9092
neutral,0.7213
neutral,0.8708
positive,0.9532
positive,0.5468
neutral,0.829
neutral,0.8673
neutral,0.9484
positive,0.9375
neutral,0.8991
positive,0.9424
negative,0.5654
negative,0.9663
neutral,0.9392
neutral,0.6844
neutral,0.7554
neutral,0.7725
negative,0.9692
positive,0.8483
neutral,0.8881
neutral,0.912
neutral,0.9529
negative,0.8205
positive,0.9196
neutral,0.594
neutral,0.6018
negative,0.9688
neutral,0.9056
neutral,0.9291
negative,0.9151
neutral,0.6018
positive,0.6873
negative,0.9423
negative,0.8879
negative,0.4887
positive,0.4755
positive,0.8874
neutral,0.8518
positive,0.9168
neutral,0.8156
neutral,0.4673
negative,0.9711
negative,0.906
neutral,0.9225
neutral,0.8641
positive,0.9443
positive,0.9298
neutral,0.9088
positive,0.9405
neutral,0.5194
negative,0.7239
negative,0.9563
neutral,0.8755
negative,0.9563
neutral,0.822
neutral,0.9003
positive,0.9288
positive,0.9548
positive,0.9457
neutral,0.893
positive,0.9224
positive,0.9338
negative,0.9605
neutral,0.8316
neutral,0.876
neutral,0.8187
neutral,0.4979
neutral,0.9346
positive,0.803
neutral,0.9389
neutral,0.9249
neutral,0.8413
negative,0.9735
negative,0.9727
neutral,0.8706
positive,0.9456
neutral,0.8762
negative,0.4825
neutral,0.8593
negative,0.9684
negative,0.9535
positive,0.763
negative,0.6554
neutral,0.9237
neutral,0.9372
neutral,0.8591
neutral,0.8673
positive,0.7853
negative,0.8243
negative,0.9469
negative,0.7305
positive,0.763
neutral,0.8366
neutral,0.404
neutral,0.6156
negative,0.9686
positive,0.7783
neutral,0.7987
positive,0.7615
neutral,0.9208
neutral,0.8335
positive,0.5172
neutral,0.424
positive,0.9252
positive,0.9208
negative,0.9488
positive,0.7089
negative,0.4839
neutral,0.5118
neutral,0.7814
negative,0.9748
neutral,0.7101
neutral,0.902
neutral,0.9431
neutral,0.9431
positive,0.7369
positive,0.5811
negative,0.9542
positive,0.9492
negative,0.8927
neutral,0.8673
positive,0.9198
negative,0.9323
negative,0.9511
negative,0.587
neutral,0.8669
neutral,0.9201
negative,0.6497
negative,0.9731
negative,0.9217
neutral,0.4381
positive,0.9522
positive,0.9477
negative,0.8976
negative,0.6697
negative,0.9192
negative,0.499
negative,0.9384
positive,0.7137
negative,0.9742
neutral,0.6083
neutral,0.9076
negative,0.5291
negative,0.8538
negative,0.9354
positive,0.9433
negative,0.9616
positive,0.9369
negative,0.7371
negative,0.972
negative,0.9628
negative,0.6279
positive,0.9532
neutral,0.8436
positive,0.9436
positive,0.8988
negative,0.6332
positive,0.8514
negative,0.6672
negative,0.9745
neutral,0.8861
positive,0.8559
positive,0.9258
negative,0.9735
positive,0.9335
positive,0.9484
neutral,0.8293
negative,0.959
positive,0.7623
positive,0.9039
positive,0.9415
neutral,0.8238
positive,0.9368
positive,0.7187
negative,0.9723
negative,0.9545
neutral,0.8715
negative,0.9637
positive,0.9306
negative,0.9704
negative,0.9727
negative,0.9545
negative,0.9719
neutral,0.7585
positive,0.526
negative,0.9712
negative,0.8919
neutral,0.6619
positive,0.9499
negative,0.9098
neutral,0.8673
neutral,0.7266
positive,0.516
positive,0.7625
neutral,0.5212
neutral,0.7964
neutral,0.9259
neutral,0.8872
neutral,0.7956
negative,0.9724
neutral,0.9071
neutral,0.9066
neutral,0.5312
negative,0.9725
positive,0.4997
negative,0.9741
negative,0.9464
positive,0.4896
negative,0.9659
neutral,0.9202
neutral,0.5899
neutral,0.9413
positive,0.756
neutral,0.8546
positive,0.6777
neutral,0.8754
neutral,0.9318
neutral,0.4275
negative,0.8838
positive,0.8316
neutral,0.9423
neutral,0.8628
positive,0.7776
positive,0.943
negative,0.9063
negative,0.9475
positive,0.8599
neutral,0.6894
neutral,0.7273
negative,0.8452
neutral,0.8585
positive,0.7487
neutral,0.84
positive,0.9361
negative,0.9719
positive,0.748
positive,0.9133
negative,0.8792
positive,0.6718
neutral,0.9421
negative,0.7425
negative,0.7621
neutral,0.8191
positive,0.7035
negative,0.918
positive,0.924
positive,0.8812
positive,0.9054
neutral,0.9512
neutral,0.723
negative,0.6962
positive,0.9484
neutral,0.9034
neutral,0.5974
negative,0.9366
positive,0.7151
neutral,0.8484
neutral,0.84
positive,0.6126
neutral,0.9349
neutral,0.8706
negative,0.9506
neutral,0.6293
neutral,0.7343
neutral,0.8595
neutral,0.84
positive,0.894
negative,0.4463
negative,0.6962
positive,0.5842
negative,0.9508
positive,0.8815
negative,0.9589
neutral,0.9226
negative,0.9425
neutral,0.9299
negative,0.8365
neutral,0.8722
neutral,0.84
neutral,0.8247
neutral,0.6693
negative,0.9718
negative,0.9718
neutral,0.9041
neutral,0.532
positive,0.9015
positive,0.8711
neutral,0.935
neutral,0.7841
negative,0.9709
negative,0.8444
neutral,0.8674
negative,0.4859
positive,0.5933
neutral,0.9291
neutral,0.942
negative,0.9484
neutral,0.8674
neutral,0.84
neutral,0.8404
neutral,0.9355
neutral,0.9116
neutral,0.8647
neutral,0.891
neutral,0.4998
positive,0.8046
neutral,0.5807
neutral,0.84
positive,0.6818
negative,0.8753
neutral,0.8991
positive,0.8769
positive,0.9469
neutral,0.942
neutral,0.6362
negative,0.9677
neutral,0.84
neutral,0.8732
negative,0.9339
neutral,0.6246
neutral,0.8766
neutral,0.6403
neutral,0.7747
neutral,0.9085
positive,0.9377
positive,0.9455
neutral,0.84
negative,0.9303
neutral,0.594
neutral,0.861
neutral,0.9054
positive,0.8515
positive,0.9313
neutral,0.9102
neutral,0.7494
neutral,0.6408
negative,0.9664
positive,0.6923
neutral,0.8561
neutral,0.838
neutral,0.8801
neutral,0.4944
neutral,0.84
positive,0.9204
neutral,0.8074
positive,0.8858
positive,0.7371
neutral,0.7964
negative,0.7217
negative,0.9723
negative,0.9037
negative,0.8712
negative,0.9542
neutral,0.8669
negative,0.7568
positive,0.58
positive,0.8835
negative,0.5289
neutral,0.7234
neutral,0.7192
positive,0.7529
neutral,0.9399
neutral,0.84
neutral,0.8378
negative,0.9625
neutral,0.8775
neutral,0.8979
neutral,0.9329
negative,0.9202
positive,0.6633
neutral,0.9251
positive,0.5534
neutral,0.9225
neutral,0.9296
positive,0.7248
positive,0.5993
neutral,0.9182
negative,0.9632
neutral,0.5661
neutral,0.8858
neutral,0.841
neutral,0.84
neutral,0.9437
neutral,0.9269
neutral,0.8947
negative,0.8612
neutral,0.547
neutral,0.9143
negative,0.6456
positive,0.9381
positive,0.5969
negative,0.935
positive,0.9077
positive,0.8974
positive,0.5085
positive,0.5298
neutral,0.7627
neutral,0.8137
neutral,0.6944
neutral,0.9253
positive,0.7644
neutral,0.84
positive,0.8106
neutral,0.6772
neutral,0.9189
negative,0.9726
negative,0.9729
neutral,0.8702
positive,0.9473
positive,0.9511
neutral,0.934
positive,0.8456
negative,0.9726
neutral,0.7227
negative,0.9629
neutral,0.7263
neutral,0.895
positive,0.7693
neutral,0.766
neutral,0.8355
positive,0.6845
neutral,0.7976
positive,0.5585
positive,0.7202
positive,0.9059
neutral,0.879
positive,0.6476
positive,0.9184
neutral,0.9463
positive,0.9382
positive,0.5217
negative,0.6301
positive,0.8177
neutral,0.84
positive,0.926
neutral,0.9082
positive,0.9064
neutral,0.8773
neutral,0.9371
neutral,0.885
positive,0.7871
neutral,0.7115
negative,0.9617
positive,0.8389
positive,0.4113
negative,0.5631
negative,0.9732
neutral,0.84
negative,0.8871
negative,0.8374
positive,0.746
neutral,0.9106
neutral,0.9147
negative,0.764
neutral,0.782
negative,0.8374
neutral,0.9144
negative,0.8673
negative,0.8315
neutral,0.9233
neutral,0.6549
positive,0.8135
neutral,0.552
negative,0.57
positive,0.9439
neutral,0.8852
neutral,0.8909
neutral,0.915
positive,0.9394
neutral,0.6935
neutral,0.8469
neutral,0.8108
neutral,0.84
negative,0.9763
neutral,0.8963
positive,0.5509
positive,0.932
neutral,0.84
positive,0.8817
negative,0.6989
neutral,0.9248
negative,0.9644
positive,0.9472
neutral,0.8784
neutral,0.848
positive,0.7258
positive,0.7258
neutral,0.8707
neutral,0.795
negative,0.5215
neutral,0.6337
positive,0.7525
negative,0.8876
neutral,0.8519
positive,0.8402
neutral,0.6315
neutral,0.9438
neutral,0.8803
neutral,0.84
positive,0.8793
positive,0.8548
neutral,0.8671
neutral,0.9192
neutral,0.8975
neutral,0.6262
neutral,0.6997
negative,0.5091
negative,0.9678
positive,0.932
neutral,0.7531
positive,0.6277
negative,0.6795
neutral,0.8325
positive,0.6207
neutral,0.8904
negative,0.9298
neutral,0.5637
neutral,0.5401
neutral,0.9113
positive,0.6735
neutral,0.8878
neutral,0.534
neutral,0.8445
positive,0.8648
positive,0.944
neutral,0.9498
negative,0.7647
neutral,0.8709
negative,0.9741
neutral,0.8979
negative,0.7719
neutral,0.9302
neutral,0.8863
positive,0.9153
neutral,0.9375
positive,0.8545
positive,0.9383
neutral,0.9284
neutral,0.9027
neutral,0.9261
neutral,0.84
negative,0.9716
positive,0.4619
positive,0.7533
negative,0.9745
neutral,0.8538
neutral,0.8538
negative,0.9695
positive,0.8483
neutral,0.84
neutral,0.9017
neutral,0.4765
neutral,0.938
neutral,0.7415
neutral,0.8558
negative,0.9726
neutral,0.8903
negative,0.9669
negative,0.9735
neutral,0.8126
positive,0.5527
negative,0.9585
negative,0.9658
positive,0.8814
negative,0.9652
neutral,0.8415
neutral,0.7861
positive,0.9304
positive,0.8425
negative,0.9736
neutral,0.9187
negative,0.9688
positive,0.5824
neutral,0.6129
positive,0.9393
neutral,0.9367
neutral,0.6625
neutral,0.8273
neutral,0.9268
neutral,0.9376
negative,0.8982
negative,0.9203
neutral,0.9202
positive,0.5756
neutral,0.84
negative,0.9627
negative,0.9664
neutral,0.9055
positive,0.9562
positive,0.8538
negative,0.7689
neutral,0.923
neutral,0.84
neutral,0.8412
neutral,0.8671
neutral,0.8396
neutral,0.751
neutral,0.7131
neutral,0.9309
neutral,0.916
neutral,0.735
positive,0.8597
positive,0.9546
neutral,0.8605
negative,0.9599
neutral,0.8213
neutral,0.84
positive,0.9483
positive,0.8606
negative,0.8591
positive,0.8479
positive,0.9539
neutral,0.9011
negative,0.6105
positive,0.9066
neutral,0.8151
neutral,0.7263
positive,0.6415
neutral,0.9184
neutral,0.84
neutral,0.9293
positive,0.9193
neutral,0.483
neutral,0.8908
positive,0.9552
neutral,0.9244
positive,0.9474
positive,0.6045
negative,0.9535
neutral,0.9097
positive,0.6171
positive,0.8591
negative,0.9669
neutral,0.5777
negative,0.6424
positive,0.7569
positive,0.8508
neutral,0.8972
negative,0.9712
positive,0.7532
positive,0.9015
negative,0.485
neutral,0.8266
positive,0.952
neutral,0.6686
positive,0.9514
positive,0.5044
negative,0.9449
positive,0.9536
neutral,0.7694
positive,0.4797
positive,0.7249
neutral,0.8883
neutral,0.8789
neutral,0.5976
positive,0.9423
neutral,0.9417
neutral,0.7529
neutral,0.8632
positive,0.8198
negative,0.9662
neutral,0.9006
neutral,0.8975
positive,0.7871
positive,0.8294
neutral,0.9235
negative,0.9136
neutral,0.627
neutral,0.612
positive,0.8187
neutral,0.6835
neutral,0.9045
neutral,0.7017
positive,0.9401
neutral,0.8474
neutral,0.8205
negative,0.7128
neutral,0.84
neutral,0.787
negative,0.9143
positive,0.8669
positive,0.9143
negative,0.9652
negative,0.9658
neutral,0.8298
negative,0.9736
positive,0.9254
negative,0.9742
positive,0.9496
neutral,0.8776
negative,0.975
neutral,0.8728
positive,0.6526
positive,0.9438
neutral,0.6627
positive,0.6066
positive,0.6414
neutral,0.814
neutral,0.7262
positive,0.9179
positive,0.503
neutral,0.8339
neutral,0.8593
negative,0.7624
positive,0.8764
neutral,0.6938
neutral,0.7536
positive,0.5487
positive,0.5602
neutral,0.9186
positive,0.9537
negative,0.9639
neutral,0.6839
neutral,0.6042
neutral,0.6586
negative,0.9639
positive,0.6328
neutral,0.9244
neutral,0.84
negative,0.9708
neutral,0.752
neutral,0.9461
neutral,0.87
positive,0.8827
negative,0.9676
negative,0.8747
positive,0.765
positive,0.5569
negative,0.9698
neutral,0.6838
positive,0.8986
neutral,0.7982
positive,0.7603
negative,0.9647
negative,0.7701
positive,0.7373
negative,0.5361
positive,0.6848
neutral,0.9047
positive,0.5569
neutral,0.7795
neutral,0.8003
negative,0.8055
neutral,0.9086
neutral,0.8955
positive,0.8077
neutral,0.9289
neutral,0.932
negative,0.9509
neutral,0.7982
positive,0.9478
negative,0.9678
neutral,0.9043
neutral,0.7027
negative,0.9324
neutral,0.8312
negative,0.9742
negative,0.9575
positive,0.5072
positive,0.6489
positive,0.4829
neutral,0.8506
neutral,0.5225
positive,0.86
negative,0.9755
negative,0.976
negative,0.9737
negative,0.7565
neutral,0.8571
neutral,0.7982
positive,0.872
neutral,0.872
neutral,0.9402
neutral,0.9373
negative,0.9747
positive,0.8634
negative,0.7235
positive,0.5803
neutral,0.8781
positive,0.7567
neutral,0.6631
neutral,0.9189
negative,0.9603
neutral,0.5832
positive,0.6586
neutral,0.895
negative,0.7931
neutral,0.9211
positive,0.9447
positive,0.7534
positive,0.9358
neutral,0.896
neutral,0.5911
negative,0.9528
positive,0.9391
neutral,0.922
negative,0.9726
positive,0.9449
neutral,0.8537
neutral,0.9159
neutral,0.8176
positive,0.9234
positive,0.9332
positive,0.9456
neutral,0.8736
positive,0.9425
negative,0.5316
neutral,0.726
positive,0.8294
neutral,0.8031
neutral,0.9197
positive,0.4818
positive,0.6173
neutral,0.8293
neutral,0.9422
positive,0.9182
neutral,0.5979
positive,0.9332
positive,0.5817
negative,0.906
neutral,0.9264
positive,0.7712
positive,0.9442
neutral,0.8031
positive,0.4052
neutral,0.7547
neutral,0.4908
neutral,0.8305
positive,0.6471
negative,0.815
negative,0.9758
neutral,0.8905
negative,0.4375
neutral,0.8031
positive,0.5543
neutral,0.912
neutral,0.9381
positive,0.7822
neutral,0.766
negative,0.8364
negative,0.8992
neutral,0.9112
neutral,0.8117
neutral,0.8526
neutral,0.837
neutral,0.929
positive,0.8848
positive,0.9221
negative,0.8364
negative,0.97
neutral,0.7188
neutral,0.8641
positive,0.556
neutral,0.9077
negative,0.8345
positive,0.6112
negative,0.6299
neutral,0.9413
neutral,0.5595
neutral,0.7109
neutral,0.8497
neutral,0.6245
positive,0.7729
positive,0.6298
neutral,0.5197
neutral,0.7982
positive,0.8848
positive,0.6285
neutral,0.8662
neutral,0.8662
neutral,0.8627
neutral,0.9004
neutral,0.6496
positive,0.7382
negative,0.9702
neutral,0.8567
positive,0.8635
positive,0.9319
positive,0.952
neutral,0.9237
neutral,0.9327
positive,0.7244
neutral,0.6636
negative,0.746
neutral,0.4649
negative,0.9411
positive,0.9007
negative,0.9679
neutral,0.9253
negative,0.9532
negative,0.5699
negative,0.585
neutral,0.8031
positive,0.904
neutral,0.9075
neutral,0.7578
neutral,0.8239
negative,0.9209
neutral,0.5207
positive,0.6531
positive,0.5874
negative,0.8097
neutral,0.8998
positive,0.9372
positive,0.7463
neutral,0.804
positive,0.8122
negative,0.4938
neutral,0.9019
neutral,0.7141
positive,0.9462
negative,0.6317
neutral,0.8465
neutral,0.7279
negative,0.9189
neutral,0.5166
positive,0.8142
negative,0.9657
neutral,0.5539
neutral,0.9506
negative,0.9722
neutral,0.9409
neutral,0.945
positive,0.7429
neutral,0.8212
neutral,0.9452
neutral,0.7982
negative,0.9618
negative,0.9754
neutral,0.8905
neutral,0.9332
neutral,0.8925
neutral,0.7982
negative,0.6347
neutral,0.7189
neutral,0.5678
positive,0.9479
negative,0.9734
positive,0.8552
neutral,0.7567
neutral,0.946
neutral,0.757
neutral,0.9304
positive,0.7794
neutral,0.6498
positive,0.6092
positive,0.4651
neutral,0.9086
neutral,0.7544
negative,0.933
neutral,0.7982
neutral,0.9335
positive,0.5144
neutral,0.8592
neutral,0.8553
neutral,0.8495
positive,0.9474
neutral,0.8185
neutral,0.5063
negative,0.9637
neutral,0.5424
negative,0.9316
neutral,0.9432
neutral,0.8936
neutral,0.9186
neutral,0.92
neutral,0.9226
negative,0.952
neutral,0.7254
neutral,0.5387
neutral,0.7982
positive,0.8597
negative,0.9739
neutral,0.5586
neutral,0.8502
positive,0.8258
negative,0.9706
negative,0.9643
positive,0.9492
neutral,0.4713
positive,0.6716
positive,0.4656
positive,0.9488
neutral,0.7184
negative,0.8927
neutral,0.5106
positive,0.8858
positive,0.5701
positive,0.941
positive,0.8439
positive,0.9534
neutral,0.7845
negative,0.9375
neutral,0.8963
positive,0.8317
negative,0.938
neutral,0.763
neutral,0.7568
neutral,0.8031
neutral,0.8516
positive,0.8682
positive,0.8493
neutral,0.8031
positive,0.7096
negative,0.8005
neutral,0.8742
positive,0.5698
positive,0.7971
neutral,0.8224
neutral,0.4854
positive,0.8504
neutral,0.4871
positive,0.5143
positive,0.9338
neutral,0.8525
neutral,0.7927
positive,0.8653
neutral,0.8849
positive,0.9473
neutral,0.7838
positive,0.8463
negative,0.9023
neutral,0.8657
negative,0.6389
positive,0.8119
negative,0.9747
neutral,0.6538
positive,0.9479
positive,0.9453
positive,0.9296
positive,0.9317
negative,0.8819
negative,0.8983
neutral,0.9277
neutral,0.9024
neutral,0.8038
negative,0.9621
negative,0.942
negative,0.9498
positive,0.5141
neutral,0.889
negative,0.9682
neutral,0.5285
neutral,0.5978
neutral,0.9441
neutral,0.6737
neutral,0.7125
negative,0.9654
positive,0.703
positive,0.8183
neutral,0.8031
neutral,0.8633
positive,0.3905
neutral,0.8763
positive,0.93
neutral,0.5658
neutral,0.9172
positive,0.9434
negative,0.9392
neutral,0.7388
neutral,0.6837
neutral,0.896
neutral,0.6713
positive,0.6608
negative,0.9455
negative,0.7349
positive,0.6236
negative,0.9707
neutral,0.8231
neutral,0.9407
negative,0.9433
neutral,0.7502
neutral,0.8166
positive,0.9424
negative,0.9689
positive,0.8873
negative,0.9569
positive,0.7623
neutral,0.902
positive,0.7754
neutral,0.8275
positive,0.9464
negative,0.9716
neutral,0.8641
positive,0.6485
positive,0.9505
neutral,0.6174
neutral,0.8031
neutral,0.8939
neutral,0.9401
neutral,0.6625
negative,0.9719
negative,0.9671
negative,0.9698
neutral,0.8751
neutral,0.9251
neutral,0.9006
positive,0.5293
negative,0.9676
neutral,0.9085
negative,0.9719
negative,0.7991
negative,0.7991
positive,0.9414
negative,0.9593
positive,0.9546
negative,0.8381
positive,0.8357
neutral,0.8955
positive,0.9377
neutral,0.8888
neutral,0.8955
negative,0.9749
negative,0.8853
positive,0.838
negative,0.923
neutral,0.8727
positive,0.9424
neutral,0.9436
negative,0.8663
positive,0.9395
positive,0.5989
positive,0.4939
neutral,0.792
neutral,0.9304
neutral,0.7292
neutral,0.6773
negative,0.9716
negative,0.9372
negative,0.9308
positive,0.9453
negative,0.9707
neutral,0.6954
negative,0.9582
positive,0.9383
neutral,0.7006
positive,0.9438
positive,0.5716
negative,0.9421
positive,0.5491
negative,0.9126
negative,0.9276
negative,0.9326
negative,0.9231
negative,0.9208
negative,0.9213
negative,0.9286
negative,0.9267
negative,0.9416
negative,0.9187
neutral,0.8316
negative,0.9386
negative,0.9374
positive,0.7887
negative,0.9162
negative,0.927
negative,0.923
neutral,0.4542
negative,0.9272
negative,0.9294
negative,0.9253
negative,0.9456
positive,0.9556
negative,0.9296
negative,0.9057
positive,0.6167
negative,0.974
positive,0.9465
negative,0.8764
positive,0.9382
negative,0.5173
positive,0.9281
positive,0.9415
positive,0.7238
positive,0.9507
positive,0.9227
negative,0.9593
negative,0.8898
negative,0.8798
positive,0.9525
negative,0.9508
negative,0.7721
positive,0.948
neutral,0.586
negative,0.9688
neutral,0.5267
positive,0.9527
neutral,0.9176
neutral,0.8841
neutral,0.8061
neutral,0.5755
positive,0.935
positive,0.935
negative,0.8511
negative,0.9735
positive,0.9352
neutral,0.8031
negative,0.9385
negative,0.9744
positive,0.9593
positive,0.9147
positive,0.9515
positive,0.9472
neutral,0.559
positive,0.8446
neutral,0.7572
positive,0.9482
negative,0.7217
negative,0.8664
positive,0.9275
neutral,0.9162
positive,0.9275
positive,0.904
positive,0.9172
positive,0.8588
positive,0.9519
positive,0.9221
positive,0.9508
positive,0.9099
negative,0.9755
negative,0.9228
positive,0.9518
positive,0.9235
positive,0.9185
negative,0.5873
positive,0.9221
neutral,0.695
positive,0.6685
positive,0.9474
positive,0.9234
negative,0.5501
negative,0.9206
neutral,0.5062
neutral,0.775
negative,0.6457
neutral,0.8031
neutral,0.8439
negative,0.9335
neutral,0.7828
positive,0.9036
neutral,0.9387
positive,0.9538
positive,0.949
positive,0.7425
neutral,0.8006
neutral,0.9034
positive,0.9361
positive,0.7803
neutral,0.9413
neutral,0.9061
neutral,0.9373
neutral,0.9123
neutral,0.8142
neutral,0.9167
neutral,0.9233
positive,0.8851
negative,0.8856
positive,0.9345
neutral,0.8721
neutral,0.8664
neutral,0.721
neutral,0.9331
neutral,0.7363
positive,0.9456
negative,0.959
neutral,0.8833
positive,0.7582
positive,0.7011
negative,0.974
neutral,0.7643
neutral,0.8031
negative,0.5218
neutral,0.852
positive,0.93
positive,0.5117
positive,0.9306
positive,0.7413
neutral,0.9174
neutral,0.6569
positive,0.7413
neutral,0.8912
negative,0.7091
negative,0.9669
neutral,0.895
positive,0.9038
negative,0.8371
negative,0.8674
positive,0.895
neutral,0.8208
neutral,0.8043
negative,0.9364
positive,0.915
neutral,0.8959
negative,0.9484
negative,0.9749
negative,0.9282
neutral,0.7628
positive,0.9488
neutral,0.8245
neutral,0.6813
positive,0.8946
neutral,0.7815
neutral,0.8753
neutral,0.5817
positive,0.9541
negative,0.9628
neutral,0.903
neutral,0.9143
negative,0.8515
negative,0.438
neutral,0.8669
positive,0.9463
negative,0.9549
neutral,0.8509
neutral,0.6652
negative,0.7173
positive,0.8307
positive,0.9526
neutral,0.8031
neutral,0.854
positive,0.8582
negative,0.9356
positive,0.5832
positive,0.9341
positive,0.8187
positive,0.9476
neutral,0.9418
positive,0.9356
neutral,0.8052
positive,0.939
negative,0.9531
neutral,0.9253
negative,0.832
positive,0.854
positive,0.8461
positive,0.9319
neutral,0.9139
positive,0.9407
neutral,0.8975
neutral,0.5407
negative,0.8793
neutral,0.6501
positive,0.8651
positive,0.8955
negative,0.9691
positive,0.606
negative,0.9492
negative,0.9736
negative,0.9436
negative,0.9736
positive,0.8404
neutral,0.7328
negative,0.8961
neutral,0.7504
positive,0.9043
neutral,0.9003
negative,0.9715
negative,0.9143
negative,0.955
negative,0.957
positive,0.9478
positive,0.8735
negative,0.9707
positive,0.662
negative,0.9752
negative,0.9711
neutral,0.7567
negative,0.616
negative,0.9098
neutral,0.867
negative,0.9732
negative,0.9568
negative,0.963
positive,0.8
negative,0.9024
negative,0.7606
neutral,0.6038
positive,0.9495
positive,0.9265
negative,0.9641
neutral,0.9122
neutral,0.8471
positive,0.9524
positive,0.9331
neutral,0.8577
negative,0.9723
positive,0.834
neutral,0.898
neutral,0.8292
positive,0.8951
negative,0.9676
positive,0.9361
neutral,0.9383
negative,0.928
positive,0.9581
neutral,0.7124
neutral,0.9005
positive,0.9158
positive,0.5041
positive,0.8914
neutral,0.7366
positive,0.9499
neutral,0.8713
neutral,0.5102
positive,0.8075
neutral,0.9025
neutral,0.8098
neutral,0.9346
positive,0.9377
neutral,0.6379
negative,0.9228
positive,0.9366
positive,0.9299
negative,0.6321
neutral,0.7957
negative,0.8614
neutral,0.9191
negative,0.9732
negative,0.9737
positive,0.5151
positive,0.8456
positive,0.9483
positive,0.8661
neutral,0.9211
neutral,0.8851
neutral,0.7655
positive,0.9467
positive,0.562
positive,0.9494
neutral,0.709
neutral,0.9429
neutral,0.9021
neutral,0.9421
neutral,0.5689
neutral,0.9106
positive,0.931
neutral,0.6353
negative,0.8994
positive,0.9201
neutral,0.9108
positive,0.9338
positive,0.9358
neutral,0.9442
negative,0.8679
positive,0.9267
negative,0.9337
positive,0.9347
positive,0.932
neutral,0.8931
positive,0.8667
positive,0.6651
negative,0.9721
neutral,0.4979
positive,0.9579
neutral,0.9159
neutral,0.9222
negative,0.8341
neutral,0.9043
positive,0.7195
neutral,0.8387
neutral,0.7934
negative,0.9566
positive,0.9422
neutral,0.9199
neutral,0.6994
positive,0.9012
neutral,0.6061
neutral,0.7836
neutral,0.9441
neutral,0.913
positive,0.5852
positive,0.8957
positive,0.691
neutral,0.8218
neutral,0.8031
negative,0.4364
positive,0.5187
negative,0.6309
neutral,0.8787
positive,0.9351
negative,0.9693
neutral,0.7124
positive,0.5851
neutral,0.8247
positive,0.9201
positive,0.6704
neutral,0.8031
positive,0.9386
neutral,0.8043
neutral,0.9525
neutral,0.7737
positive,0.6263
negative,0.9667
negative,0.9676
positive,0.734
positive,0.7819
neutral,0.7279
negative,0.6313
neutral,0.8575
neutral,0.8769
neutral,0.845
negative,0.9325
negative,0.9542
neutral,0.8031
positive,0.9085
positive,0.8783
positive,0.6657
neutral,0.9227
neutral,0.6723
neutral,0.8813
positive,0.9205
negative,0.893
neutral,0.8434
positive,0.9471
neutral,0.8426
positive,0.5147
neutral,0.9349
positive,0.9539
neutral,0.5927
positive,0.9059
neutral,0.8536
neutral,0.8635
positive,0.9407
negative,0.9631
positive,0.8188
neutral,0.8635
negative,0.9756
negative,0.9756
positive,0.7787
neutral,0.9397
neutral,0.9383
negative,0.9737
negative,0.9563
positive,0.8784
positive,0.6111
neutral,0.9387
negative,0.915
neutral,0.4945
negative,0.9187
neutral,0.888
neutral,0.7982
positive,0.9536
positive,0.8382
negative,0.4766
positive,0.6453
neutral,0.9554
neutral,0.8607
positive,0.8785
negative,0.9607
neutral,0.9418
negative,0.8618
positive,0.894
neutral,0.6423
negative,0.9607
positive,0.8582
neutral,0.9084
positive,0.6232
negative,0.8263
neutral,0.9315
negative,0.9321
negative,0.7046
positive,0.5976
positive,0.93
negative,0.9583
neutral,0.8042
negative,0.961
negative,0.9077
positive,0.9477
positive,0.8522
neutral,0.7811
neutral,0.601
neutral,0.5686
neutral,0.7982
neutral,0.8635
positive,0.9283
positive,0.9528
neutral,0.7851
negative,0.9647
neutral,0.8938
positive,0.7842
neutral,0.5729
positive,0.9283
neutral,0.66
neutral,0.7681
neutral,0.6004
positive,0.9253
positive,0.9399
positive,0.9336
positive,0.8842
neutral,0.9277
positive,0.9348
positive,0.9374
positive,0.9426
positive,0.928
neutral,0.8882
positive,0.658
positive,0.8729
neutral,0.7982
negative,0.9719
positive,0.6357
negative,0.9619
neutral,0.6165
neutral,0.7043
neutral,0.5718
neutral,0.937
neutral,0.7302
neutral,0.7982
neutral,0.8864
neutral,0.7982
neutral,0.8949
neutral,0.9058
positive,0.8239
negative,0.9608
positive,0.9374
neutral,0.9225
neutral,0.8574
neutral,0.8041
positive,0.8523
negative,0.9318
positive,0.5486
positive,0.9515
negative,0.4818
positive,0.7852
neutral,0.886
positive,0.491
positive,0.9494
neutral,0.8274
positive,0.7075
negative,0.7169
neutral,0.7106
positive,0.8554
positive,0.9348
positive,0.9409
positive,0.698
neutral,0.9185
neutral,0.7982
positive,0.6452
neutral,0.5685
neutral,0.9445
positive,0.5636
positive,0.9501
positive,0.7908
neutral,0.8255
positive,0.9387
neutral,0.9093
positive,0.9384
positive,0.5101
positive,0.6001
neutral,0.9107
positive,0.7969
neutral,0.7831
neutral,0.7339
neutral,0.9254
neutral,0.8341
positive,0.9145
positive,0.9162
neutral,0.9341
positive,0.9445
neutral,0.8401
positive,0.9403
positive,0.5881
positive,0.9454
neutral,0.6971
neutral,0.9325
neutral,0.8734
neutral,0.8955
positive,0.9458
positive,0.8577
positive,0.6109
positive,0.9417
neutral,0.8965
positive,0.8156
negative,0.9387
neutral,0.788
neutral,0.7382
neutral,0.9152
positive,0.9016
positive,0.9468
negative,0.9185
positive,0.9145
neutral,0.5086
neutral,0.8917
neutral,0.8031
neutral,0.9353
neutral,0.8842
positive,0.9548
neutral,0.5685
positive,0.8684
negative,0.9695
neutral,0.8634
positive,0.9426
neutral,0.8934
neutral,0.7253
neutral,0.9207
neutral,0.6568
positive,0.9284
neutral,0.8574
neutral,0.9001
negative,0.9531
neutral,0.9402
negative,0.9686
negative,0.958
neutral,0.9226
positive,0.941
neutral,0.926
negative,0.9731
neutral,0.9374
neutral,0.8971
neutral,0.8874
neutral,0.7751
positive,0.8567
positive,0.8604
neutral,0.8826
negative,0.9526
neutral,0.7599
neutral,0.8946
negative,0.7894
neutral,0.9051
neutral,0.8666
neutral,0.8401
neutral,0.7077
neutral,0.9313
negative,0.91
negative,0.8204
neutral,0.8363
positive,0.9595
negative,0.6626
negative,0.9677
positive,0.9415
negative,0.9659
neutral,0.9419
neutral,0.8759
negative,0.788
positive,0.8907
neutral,0.7331
neutral,0.8209
neutral,0.7846
positive,0.8977
positive,0.8858
positive,0.8943
positive,0.9302
negative,0.9644
positive,0.9273
neutral,0.6901
positive,0.9478
neutral,0.7566
positive,0.7198
positive,0.6206
neutral,0.9258
positive,0.7963
neutral,0.7926
neutral,0.8031
positive,0.8323
neutral,0.6408
neutral,0.7469
neutral,0.9184
positive,0.5989
neutral,0.5032
positive,0.9
neutral,0.8653
neutral,0.92
neutral,0.7868
positive,0.8513
neutral,0.9281
negative,0.5126
neutral,0.6701
neutral,0.878
neutral,0.9063
neutral,0.9084
neutral,0.7328
negative,0.6581
positive,0.9179
neutral,0.5175
neutral,0.8385
positive,0.8704
neutral,0.9093
neutral,0.6797
neutral,0.552
neutral,0.7144
neutral,0.9155
positive,0.7077
positive,0.7864
neutral,0.7838
negative,0.6852
positive,0.8348
positive,0.9492
neutral,0.8653
neutral,0.8525
negative,0.932
positive,0.8352
neutral,0.8512
positive,0.9531
neutral,0.8717
negative,0.9748
positive,0.6822
neutral,0.7894
negative,0.9384
negative,0.9748
neutral,0.9174
positive,0.8056
negative,0.9511
positive,0.8063
negative,0.7527
negative,0.9635
neutral,0.9311
neutral,0.9033
positive,0.9465
neutral,0.8308
positive,0.6225
neutral,0.9273
positive,0.6358
neutral,0.8991
neutral,0.726
positive,0.8899
positive,0.932
positive,0.9084
negative,0.5045
negative,0.9368
positive,0.8639
positive,0.9602
neutral,0.6088
positive,0.8987
positive,0.6231
neutral,0.9037
neutral,0.8852
neutral,0.9352
positive,0.7872
neutral,0.8327
neutral,0.9149
positive,0.9088
neutral,0.8363
positive,0.7088
neutral,0.8303
positive,0.634
neutral,0.9138
positive,0.7759
negative,0.9584
neutral,0.6312
negative,0.9629
negative,0.9613
positive,0.7256
negative,0.9245
neutral,0.9236
neutral,0.8753
positive,0.9351
neutral,0.8241
neutral,0.8693
neutral,0.8045
negative,0.9644
negative,0.9511
negative,0.9625
neutral,0.3979
neutral,0.8389
neutral,0.4953
negative,0.9366
neutral,0.6699
neutral,0.8401
neutral,0.9018
neutral,0.513
neutral,0.8853
neutral,0.9163
positive,0.8848
positive,0.6332
neutral,0.8401
positive,0.9393
negative,0.8012
negative,0.964
negative,0.9724
neutral,0.5606
neutral,0.8163
negative,0.8936
negative,0.9729
positive,0.9296
neutral,0.8075
positive,0.9532
positive,0.9249
neutral,0.9253
positive,0.59
neutral,0.516
neutral,0.9139
neutral,0.7991
positive,0.8784
negative,0.9718
negative,0.495
negative,0.8705
negative,0.9748
neutral,0.8523
positive,0.9336
positive,0.8983
neutral,0.5103
positive,0.6647
positive,0.9294
positive,0.8529
neutral,0.6179
neutral,0.6472
positive,0.8223
positive,0.8408
neutral,0.697
neutral,0.7537
positive,0.9393
positive,0.9336
positive,0.6762
positive,0.9336
neutral,0.7953
positive,0.8626
negative,0.8538
neutral,0.8734
neutral,0.7555
positive,0.8815
negative,0.9448
neutral,0.5782
positive,0.6841
neutral,0.7893
neutral,0.8671
positive,0.9345
neutral,0.7056
positive,0.7309
positive,0.7507
negative,0.9695
positive,0.952
negative,0.9693
neutral,0.8786
positive,0.9282
negative,0.9727
positive,0.6828
positive,0.7964
positive,0.9482
negative,0.9504
negative,0.9731
neutral,0.9337
positive,0.5702
negative,0.967
negative,0.5636
positive,0.9438
positive,0.9098
negative,0.9515
positive,0.9113
positive,0.5177
neutral,0.878
positive,0.9431
neutral,0.9214
neutral,0.5482
negative,0.9739
neutral,0.8186
neutral,0.6158
positive,0.6137
neutral,0.6383
positive,0.5208
negative,0.9715
neutral,0.9265
negative,0.9735
neutral,0.8401
neutral,0.6639
neutral,0.8965
negative,0.9741
negative,0.9742
neutral,0.9307
negative,0.975
negative,0.9314
positive,0.6214
negative,0.9362
neutral,0.9289
positive,0.5614
negative,0.8335
positive,0.8968
neutral,0.9402
positive,0.9476
positive,0.9409
neutral,0.9181
positive,0.8386
negative,0.9674
positive,0.9003
positive,0.891
positive,0.8328
positive,0.4977
positive,0.9484
negative,0.9702
negative,0.4896
neutral,0.9315
negative,0.9489
positive,0.8553
negative,0.9483
neutral,0.914
positive,0.948
neutral,0.8401
negative,0.8595
positive,0.9407
neutral,0.8274
negative,0.9504
negative,0.9743
negative,0.9622
positive,0.8056
positive,0.7574
negative,0.9501
neutral,0.9327
neutral,0.565
positive,0.9537
positive,0.9397
positive,0.8049
neutral,0.8711
positive,0.9417
neutral,0.9225
neutral,0.7803
positive,0.941
positive,0.9083
positive,0.9575
positive,0.9282
positive,0.9084
neutral,0.8347
positive,0.95
positive,0.9451
positive,0.8478
positive,0.9503
neutral,0.5152
positive,0.947
negative,0.8388
neutral,0.9268
positive,0.7363
neutral,0.9351
positive,0.7618
positive,0.8309
neutral,0.9424
neutral,0.6732
positive,0.9352
positive,0.7824
neutral,0.872
neutral,0.8568
neutral,0.6562
neutral,0.8363
neutral,0.9372
positive,0.9509
neutral,0.8401
positive,0.9282
negative,0.5048
neutral,0.8355
negative,0.9663
neutral,0.8354
neutral,0.7115
positive,0.9439
neutral,0.6046
positive,0.9046
neutral,0.7357
positive,0.9154
neutral,0.8395
positive,0.8848
positive,0.9485
neutral,0.8165
neutral,0.8165
positive,0.7094
positive,0.7094
positive,0.9077
neutral,0.6251
neutral,0.9418
positive,0.9426
neutral,0.6842
positive,0.5574
positive,0.7653
neutral,0.8819
neutral,0.8365
positive,0.9527
positive,0.8306
positive,0.9499
neutral,0.725
neutral,0.5839
neutral,0.8401
neutral,0.782
neutral,0.9119
positive,0.9258
neutral,0.8805
positive,0.9438
negative,0.9681
neutral,0.5832
positive,0.8866
neutral,0.9077
negative,0.7228
positive,0.9431
positive,0.5821
positive,0.7741
negative,0.7548
positive,0.9132
positive,0.5212
negative,0.9672
positive,0.5464
negative,0.9014
neutral,0.8336
negative,0.9718
neutral,0.7536
neutral,0.6961
negative,0.9412
neutral,0.8085
neutral,0.9427
neutral,0.8401
neutral,0.9481
positive,0.6178
negative,0.9696
positive,0.6785
negative,0.6264
neutral,0.9219
negative,0.9649
neutral,0.7692
neutral,0.8685
neutral,0.8955
positive,0.9191
positive,0.5784
neutral,0.8476
neutral,0.8989
neutral,0.9317
positive,0.8238
positive,0.8031
neutral,0.9454
positive,0.81
positive,0.6564
neutral,0.7444
negative,0.9335
positive,0.9411
positive,0.8822
positive,0.9426
neutral,0.8401
neutral,0.6477
neutral,0.9352
neutral,0.8363
neutral,0.9391
positive,0.9494
positive,0.9448
positive,0.8818
positive,0.8114
positive,0.5998
neutral,0.917
negative,0.9588
positive,0.7795
positive,0.8774
neutral,0.9355
positive,0.6099
negative,0.9707
negative,0.5557
neutral,0.8206
positive,0.5144
positive,0.936
negative,0.9743
positive,0.8388
neutral,0.843
negative,0.9513
neutral,0.5405
positive,0.6841
neutral,0.9413
positive,0.932
neutral,0.9441
neutral,0.8705
neutral,0.9386
positive,0.7504
positive,0.7999
positive,0.9514
positive,0.8707
neutral,0.8401
negative,0.9588
neutral,0.8038
positive,0.9446
neutral,0.9034
neutral,0.7821
positive,0.5063
positive,0.9473
neutral,0.8329
neutral,0.6159
negative,0.5795
neutral,0.4909
positive,0.9436
positive,0.9459
neutral,0.936
negative,0.7941
positive,0.9507
negative,0.6203
positive,0.942
neutral,0.857
neutral,0.7619
positive,0.925
negative,0.6591
negative,0.971
positive,0.9017
positive,0.9344
negative,0.9342
neutral,0.8639
neutral,0.9157
positive,0.8532
positive,0.9201
positive,0.932
negative,0.9045
positive,0.7766
positive,0.9515
positive,0.6862
neutral,0.9082
neutral,0.9218
neutral,0.9364
neutral,0.8363
positive,0.6223
positive,0.6905
positive,0.9412
positive,0.8826
neutral,0.9366
positive,0.9421
positive,0.9412
negative,0.9418
neutral,0.8395
positive,0.9207
positive,0.9412
positive,0.6884
neutral,0.5304
positive,0.9196
positive,0.9319
positive,0.9319
neutral,0.7788
neutral,0.8135
positive,0.928
neutral,0.9383
positive,0.838
neutral,0.8579
neutral,0.8006
positive,0.8084
negative,0.8215
negative,0.6591
neutral,0.682
positive,0.9156
positive,0.6963
positive,0.9368
positive,0.933
positive,0.9085
positive,0.9382
positive,0.8801
neutral,0.9288
positive,0.9403
neutral,0.9244
neutral,0.9308
neutral,0.8144
positive,0.8726
neutral,0.9063
positive,0.7262
neutral,0.8401
positive,0.9017
neutral,0.8841
neutral,0.4561
neutral,0.8691
positive,0.7702
negative,0.8611
neutral,0.7027
negative,0.443
neutral,0.5908
positive,0.9458
negative,0.9476
positive,0.9292
positive,0.9033
positive,0.9389
positive,0.9471
positive,0.6236
neutral,0.9
neutral,0.8963
negative,0.9586
neutral,0.7164
negative,0.8225
positive,0.9342
neutral,0.7378
positive,0.8612
neutral,0.8735
positive,0.7298
positive,0.8769
neutral,0.6511
neutral,0.9198
neutral,0.8401
neutral,0.8851
positive,0.9474
neutral,0.8704
neutral,0.9167
neutral,0.9378
neutral,0.8929
neutral,0.6483
negative,0.7798
neutral,0.7321
neutral,0.8363
negative,0.6643
neutral,0.8177
positive,0.6755
neutral,0.9053
neutral,0.8738
positive,0.7544
neutral,0.8126
positive,0.5986
neutral,0.5045
neutral,0.9196
neutral,0.7724
positive,0.6402
negative,0.4951
neutral,0.6573
neutral,0.9252
neutral,0.8443
positive,0.9529
neutral,0.6731
positive,0.865
positive,0.6636
neutral,0.8363
neutral,0.8691
neutral,0.9154
neutral,0.9087
positive,0.9131
neutral,0.7405
neutral,0.923
neutral,0.8564
positive,0.9347
neutral,0.921
neutral,0.8905
neutral,0.5454
neutral,0.6804
neutral,0.8021
positive,0.7012
positive,0.9103
neutral,0.896
positive,0.6295
negative,0.5581
positive,0.5965
neutral,0.5169
negative,0.9691
neutral,0.7392
positive,0.8618
neutral,0.8983
positive,0.8721
positive,0.8572
negative,0.8885
positive,0.8079
positive,0.8565
positive,0.818
neutral,0.9418
neutral,0.8363
neutral,0.9026
positive,0.4433
neutral,0.6339
neutral,0.9095
neutral,0.8956
negative,0.9732
neutral,0.7438
negative,0.6207
negative,0.9729
neutral,0.8394
negative,0.9733
neutral,0.9346
positive,0.614
neutral,0.8701
neutral,0.8927
neutral,0.5719
negative,0.9748
positive,0.6522
neutral,0.5082
positive,0.8732
neutral,0.7675
neutral,0.8363
positive,0.5328
positive,0.8778
neutral,0.4975
neutral,0.8237
neutral,0.7854
positive,0.9544
negative,0.9617
positive,0.9423
negative,0.8971
positive,0.9415
positive,0.7947
negative,0.9636
neutral,0.9172
positive,0.7897
positive,0.5911
positive,0.5681
positive,0.9194
negative,0.8971
positive,0.6793
positive,0.805
positive,0.9548
positive,0.8631
positive,0.6097
positive,0.9146
neutral,0.9329
positive,0.9509
neutral,0.6785
neutral,0.8363
positive,0.8739
negative,0.5936
positive,0.922
neutral,0.8343
neutral,0.8916
positive,0.9364
positive,0.6215
positive,0.9403
positive,0.542
positive,0.8988
positive,0.948
positive,0.9492
negative,0.7678
negative,0.913
neutral,0.9351
neutral,0.6772
negative,0.9504
positive,0.4678
positive,0.454
positive,0.8796
neutral,0.8495
positive,0.9188
positive,0.9149
positive,0.8423
neutral,0.8399
negative,0.9738
neutral,0.5905
positive,0.8884
positive,0.7122
positive,0.5799
neutral,0.9395
negative,0.9221
positive,0.8411
neutral,0.5772
neutral,0.7921
negative,0.9706
positive,0.8239
neutral,0.8363
neutral,0.9518
neutral,0.7412
positive,0.6238
positive,0.948
negative,0.9622
positive,0.9163
positive,0.8615
positive,0.9109
positive,0.6821
negative,0.6942
neutral,0.8136
positive,0.7734
positive,0.7779
neutral,0.4642
positive,0.9181
neutral,0.5854
positive,0.9526
neutral,0.7565
negative,0.9744
positive,0.9181
positive,0.6339
positive,0.9413
negative,0.9749
negative,0.976
neutral,0.8363
positive,0.8077
negative,0.9009
positive,0.909
neutral,0.8997
neutral,0.7482
positive,0.7152
neutral,0.8154
positive,0.9378
neutral,0.8501
neutral,0.7335
negative,0.8242
neutral,0.9237
positive,0.841
positive,0.5819
negative,0.9365
negative,0.628
positive,0.6177
negative,0.7105
negative,0.5943
neutral,0.9268
negative,0.8887
negative,0.9595
positive,0.9468
neutral,0.9393
negative,0.973
negative,0.9665
neutral,0.805
negative,0.8972
neutral,0.8104
negative,0.8972
negative,0.4274
positive,0.9195
neutral,0.8363
positive,0.9536
positive,0.946
neutral,0.7956
neutral,0.931
neutral,0.8917
positive,0.959
positive,0.7813
positive,0.9536
positive,0.8087
neutral,0.8274
neutral,0.6381
negative,0.9591
neutral,0.8356
neutral,0.9243
positive,0.784
positive,0.8955
positive,0.9434
neutral,0.9435
positive,0.7827
neutral,0.8737
positive,0.8296
positive,0.8972
neutral,0.7708
neutral,0.8842
positive,0.8634
negative,0.576
neutral,0.9143
positive,0.9135
positive,0.9195
positive,0.7977
positive,0.8929
neutral,0.9194
positive,0.9133
negative,0.4281
positive,0.9088
neutral,0.8468
neutral,0.8363
negative,0.5425
positive,0.923
neutral,0.9431
positive,0.9417
negative,0.9677
positive,0.9363
neutral,0.919
neutral,0.6279
neutral,0.7583
neutral,0.9349
neutral,0.8363
neutral,0.758
neutral,0.7897
positive,0.944
neutral,0.8686
neutral,0.8856
neutral,0.6659
neutral,0.9256
neutral,0.7819
negative,0.9519
negative,0.9651
positive,0.9506
neutral,0.9128
positive,0.6565
negative,0.9665
negative,0.5002
neutral,0.8996
neutral,0.5627
positive,0.9112
neutral,0.8018
neutral,0.9437
positive,0.7564
negative,0.4844
positive,0.78
positive,0.8207
negative,0.8467
neutral,0.748
neutral,0.7313
positive,0.9521
negative,0.9678
negative,0.9629
neutral,0.9524
neutral,0.8849
neutral,0.6595
positive,0.9513
positive,0.9496
neutral,0.8198
negative,0.966
negative,0.729
positive,0.9472
neutral,0.8363
neutral,0.8278
neutral,0.6826
positive,0.9181
negative,0.9714
neutral,0.7983
negative,0.9741
positive,0.8938
positive,0.8849
neutral,0.864
negative,0.9699
negative,0.9714
negative,0.9719
negative,0.9703
neutral,0.944
negative,0.9712
neutral,0.7702
positive,0.7955
negative,0.9656
positive,0.8652
negative,0.9706
positive,0.5368
positive,0.9587
negative,0.971
negative,0.9681
neutral,0.6471
neutral,0.8363
neutral,0.916
negative,0.9703
positive,0.9211
neutral,0.7625
negative,0.9751
negative,0.4812
neutral,0.8429
neutral,0.7778
negative,0.9446
negative,0.975
neutral,0.8813
positive,0.9563
neutral,0.9404
negative,0.9727
positive,0.7772
negative,0.9662
neutral,0.8856
neutral,0.8072
positive,0.8299
negative,0.9611
positive,0.9155
positive,0.5066
positive,0.9011
negative,0.9765
neutral,0.8343
positive,0.5134
neutral,0.8495
neutral,0.9398
negative,0.9694
neutral,0.6547
negative,0.9733
neutral,0.7374
positive,0.9096
positive,0.9394
negative,0.882
positive,0.9395
positive,0.9585
neutral,0.8155
positive,0.9071
neutral,0.8834
negative,0.9087
negative,0.9302
positive,0.9594
positive,0.9438
neutral,0.9348
neutral,0.8343
neutral,0.5069
negative,0.9135
positive,0.9317
negative,0.9581
neutral,0.8196
positive,0.956
positive,0.951
positive,0.824
neutral,0.9251
neutral,0.8412
neutral,0.8338
negative,0.8085
neutral,0.8448
positive,0.7008
neutral,0.8343
negative,0.9722
positive,0.7524
positive,0.7435
negative,0.5974
neutral,0.9321
neutral,0.9223
negative,0.968
neutral,0.8865
neutral,0.5759
negative,0.9745
positive,0.9552
negative,0.7889
negative,0.9702
neutral,0.9008
negative,0.9703
negative,0.9579
negative,0.9711
neutral,0.7574
negative,0.7477
neutral,0.8606
neutral,0.5471
negative,0.9136
positive,0.9567
neutral,0.8983
positive,0.9297
positive,0.9172
positive,0.6941
positive,0.6808
positive,0.6262
neutral,0.6298
neutral,0.7564
negative,0.9687
negative,0.7915
negative,0.6108
neutral,0.9297
neutral,0.9081
neutral,0.9186
negative,0.9243
neutral,0.8363
neutral,0.846
positive,0.9513
negative,0.5869
positive,0.7885
positive,0.9344
negative,0.9737
negative,0.967
positive,0.8746
neutral,0.8539
negative,0.9719
negative,0.9687
negative,0.9657
negative,0.9719
negative,0.962
neutral,0.9381
positive,0.95
positive,0.5777
neutral,0.8363
negative,0.9595
positive,0.9569
negative,0.9736
negative,0.9293
positive,0.9511
negative,0.9674
negative,0.6915
negative,0.9643
positive,0.8812
neutral,0.9385
positive,0.896
positive,0.5437
positive,0.5715
negative,0.963
negative,0.5478
positive,0.9057
positive,0.6705
neutral,0.5828
positive,0.9409
positive,0.94
negative,0.9401
positive,0.9077
positive,0.8269
neutral,0.7881
negative,0.9721
negative,0.6369
positive,0.8576
neutral,0.945
positive,0.9435
neutral,0.951
neutral,0.8363
neutral,0.9392
positive,0.8848
positive,0.8929
positive,0.689
negative,0.9741
negative,0.7109
positive,0.931
positive,0.9473
neutral,0.7472
neutral,0.605
negative,0.9737
neutral,0.9364
neutral,0.7425
positive,0.9446
positive,0.9464
neutral,0.8862
negative,0.8068
neutral,0.7612
negative,0.9686
positive,0.9469
negative,0.9721
positive,0.8149
negative,0.9728
negative,0.9616
neutral,0.9081
negative,0.9725
neutral,0.8689
negative,0.6851
negative,0.9379
neutral,0.8739
neutral,0.9319
negative,0.9656
negative,0.9606
neutral,0.8965
negative,0.9731
negative,0.8948
positive,0.772
neutral,0.8882
negative,0.9358
neutral,0.8363
neutral,0.9009
neutral,0.6758
negative,0.8826
neutral,0.8998
positive,0.9065
positive,0.9065
negative,0.947
neutral,0.8363
neutral,0.9324
negative,0.9108
positive,0.9118
negative,0.9191
positive,0.9449
negative,0.9732
negative,0.9548
positive,0.7754
negative,0.8478
positive,0.9473
positive,0.9353
positive,0.9375
positive,0.9398
negative,0.9701
positive,0.9559
negative,0.9435
positive,0.9523
positive,0.9246
positive,0.9505
negative,0.6975
negative,0.955
negative,0.6206
negative,0.9383
negative,0.8486
negative,0.9718
neutral,0.5454
neutral,0.8424
negative,0.9614
negative,0.8921
positive,0.9479
negative,0.9713
neutral,0.8838
neutral,0.498
neutral,0.3429
negative,0.7066
negative,0.9709
neutral,0.5391
positive,0.8838
neutral,0.8387
negative,0.9697
positive,0.946
negative,0.5669
negative,0.97
positive,0.5636
neutral,0.9209
negative,0.9698
positive,0.7667
negative,0.9723
positive,0.6346
positive,0.4905
negative,0.9681
neutral,0.8923
negative,0.8615
negative,0.9758
neutral,0.8246
neutral,0.9307
neutral,0.7451
negative,0.9326
positive,0.54
negative,0.7126
neutral,0.8363
neutral,0.874
negative,0.9252
negative,0.968
negative,0.9261
negative,0.9697
negative,0.9744
positive,0.9412
negative,0.9646
positive,0.9358
positive,0.9407
neutral,0.9418
positive,0.8753
positive,0.9027
positive,0.6105
negative,0.966
negative,0.9657
negative,0.9657
negative,0.9639
positive,0.5212
negative,0.9699
neutral,0.8046
negative,0.9539
negative,0.9588
neutral,0.9017
neutral,0.7764
positive,0.5612
positive,0.5384
neutral,0.8908
negative,0.9661
neutral,0.8097
neutral,0.8363
neutral,0.5002
positive,0.9542
neutral,0.5804
positive,0.8457
positive,0.676
neutral,0.5867
negative,0.5309
neutral,0.7711
neutral,0.9273
positive,0.9574
positive,0.9199
positive,0.7141
positive,0.9423
neutral,0.9079
positive,0.6595
negative,0.9692
negative,0.9076
positive,0.8155
positive,0.5227
neutral,0.7814
neutral,0.8363
negative,0.929
positive,0.902
positive,0.9604
positive,0.9411
neutral,0.9284
neutral,0.9266
positive,0.9264
positive,0.9573
positive,0.6809
negative,0.7097
neutral,0.494
neutral,0.9298
negative,0.947
positive,0.5663
negative,0.9712
positive,0.8662
positive,0.9557
positive,0.9335
negative,0.9619
positive,0.9522
positive,0.9567
negative,0.5916
negative,0.9706
negative,0.9662
positive,0.946
neutral,0.7585
positive,0.6579
positive,0.7724
negative,0.9719
neutral,0.8363
negative,0.9728
positive,0.9531
negative,0.682
neutral,0.9415
neutral,0.8809
positive,0.9486
neutral,0.7821
neutral,0.9118
positive,0.7715
neutral,0.8556
neutral,0.8959
positive,0.846
neutral,0.9195
negative,0.9465
negative,0.897
negative,0.9232
negative,0.9249
negative,0.9389
positive,0.9432
positive,0.6563
positive,0.9341
positive,0.8287
negative,0.9573
positive,0.6994
neutral,0.9392
positive,0.9467
positive,0.9273
positive,0.9356
positive,0.9459
positive,0.6702
positive,0.6943
positive,0.9248
positive,0.8889
positive,0.6766
positive,0.9476
positive,0.6702
positive,0.925
positive,0.9519
positive,0.9544
negative,0.9593
negative,0.8918
positive,0.9547
positive,0.7513
neutral,0.9202
neutral,0.9319
negative,0.6732
positive,0.9337
neutral,0.9134
positive,0.956
positive,0.6679
positive,0.6345
positive,0.9423
negative,0.6653
neutral,0.9457
positive,0.9294
negative,0.6732
negative,0.8841
neutral,0.9147
negative,0.5695
positive,0.6505
negative,0.7608
neutral,0.7938
negative,0.9748
negative,0.7403
neutral,0.9178
positive,0.7297
positive,0.9348
positive,0.9116
negative,0.9634
neutral,0.7957
neutral,0.8732
negative,0.9722
negative,0.9706
neutral,0.9108
positive,0.5172
neutral,0.9031
negative,0.9723
neutral,0.908
neutral,0.9319
positive,0.785
negative,0.9731
neutral,0.793
positive,0.8934
negative,0.9747
negative,0.974
negative,0.9638
positive,0.9158
neutral,0.8968
positive,0.9396
neutral,0.8362
positive,0.7797
positive,0.7433
neutral,0.903
positive,0.643
neutral,0.8916
negative,0.9426
neutral,0.58
positive,0.7454
positive,0.833
positive,0.8393
negative,0.9678
positive,0.93
neutral,0.8828
neutral,0.819
negative,0.4572
neutral,0.8363
negative,0.9678
positive,0.9543
neutral,0.8431
positive,0.6463
negative,0.9647
positive,0.9427
neutral,0.9356
positive,0.8637
positive,0.9162
positive,0.8022
positive,0.7225
positive,0.8908
positive,0.9341
neutral,0.836
positive,0.9211
positive,0.9504
positive,0.7102
positive,0.9462
positive,0.9209
positive,0.9155
neutral,0.8125
neutral,0.793
positive,0.8777
negative,0.9556
positive,0.6343
negative,0.5147
positive,0.9399
positive,0.6712
positive,0.9453
positive,0.9223
positive,0.9524
neutral,0.5661
neutral,0.916
positive,0.9166
neutral,0.9398
positive,0.7947
positive,0.9464
positive,0.9483
positive,0.7584
positive,0.9164
positive,0.9144
positive,0.9541
positive,0.9503
neutral,0.9368
positive,0.8411
positive,0.9167
positive,0.948
positive,0.9519
positive,0.6802
neutral,0.8198
positive,0.5672
positive,0.9309
positive,0.9471
positive,0.9491
positive,0.9453
positive,0.8806
positive,0.9304
positive,0.5854
positive,0.8139
positive,0.5854
positive,0.8516
positive,0.8772
negative,0.9726
neutral,0.9288
negative,0.9676
positive,0.9432
neutral,0.8363
neutral,0.79
positive,0.9356
neutral,0.5042
positive,0.9168
positive,0.9377
negative,0.9721
positive,0.8845
negative,0.7598
negative,0.9715
negative,0.4786
positive,0.9459
positive,0.8226
negative,0.8993
positive,0.919
neutral,0.8313
positive,0.9289
neutral,0.8492
negative,0.9721
positive,0.7932
neutral,0.8721
positive,0.9391
negative,0.9752
positive,0.5284
positive,0.8934
positive,0.4367
positive,0.8154
neutral,0.9301
negative,0.9707
positive,0.8903
positive,0.7891
negative,0.7951
negative,0.9725
negative,0.9732
negative,0.9699
negative,0.9594
positive,0.5138
neutral,0.8401
neutral,0.5336
neutral,0.9371
negative,0.9683
negative,0.837
positive,0.5524
positive,0.9052
positive,0.9436
neutral,0.6072
neutral,0.8846
neutral,0.8312
neutral,0.8749
neutral,0.5093
positive,0.769
positive,0.8796
negative,0.9735
neutral,0.8765
positive,0.6562
positive,0.5276
positive,0.7387
positive,0.9529
negative,0.9698
neutral,0.8858
positive,0.884
negative,0.5938
negative,0.9389
negative,0.9395
neutral,0.837
positive,0.8511
positive,0.5517
positive,0.9483
negative,0.9718
positive,0.9041
neutral,0.9336
neutral,0.937
positive,0.8492
negative,0.9386
positive,0.9519
positive,0.8181
positive,0.7491
positive,0.5281
positive,0.5764
positive,0.5253
positive,0.7292
positive,0.563
positive,0.5891
neutral,0.8363
positive,0.9387
positive,0.6855
positive,0.6636
positive,0.8594
positive,0.6467
positive,0.6437
positive,0.9232
positive,0.7312
neutral,0.4757
positive,0.806
positive,0.7772
positive,0.9053
positive,0.9473
positive,0.8858
neutral,0.8467
positive,0.9515
positive,0.6746
positive,0.8485
negative,0.9657
negative,0.6316
positive,0.81
positive,0.8615
positive,0.9046
positive,0.9462
positive,0.9487
positive,0.9458
positive,0.9511
positive,0.8935
positive,0.9472
negative,0.5022
positive,0.9142
positive,0.6971
positive,0.7111
neutral,0.7729
neutral,0.9479
negative,0.9751
positive,0.8666
negative,0.9657
positive,0.351
negative,0.967
positive,0.7122
positive,0.7467
neutral,0.9265
positive,0.8684
positive,0.9453
positive,0.9447
positive,0.6634
neutral,0.8947
neutral,0.5949
positive,0.9222
negative,0.9406
positive,0.9174
positive,0.7438
negative,0.8468
neutral,0.9398
negative,0.8354
neutral,0.8363
positive,0.9565
positive,0.7366
positive,0.5243
neutral,0.8971
positive,0.9578
positive,0.8729
positive,0.6778
positive,0.7347
neutral,0.8697
positive,0.9452
neutral,0.8507
positive,0.6588
neutral,0.4618
positive,0.5152
negative,0.5827
positive,0.6011
negative,0.9533
positive,0.9272
positive,0.9136
negative,0.9747
negative,0.8386
positive,0.8861
positive,0.5613
positive,0.9501
neutral,0.5179
neutral,0.7802
negative,0.5621
neutral,0.9362
positive,0.5503
positive,0.9562
positive,0.9409
neutral,0.9017
positive,0.6196
negative,0.9751
negative,0.6322
neutral,0.7374
negative,0.8916
positive,0.8177
neutral,0.9162
negative,0.9628
neutral,0.8507
negative,0.7801
positive,0.8427
positive,0.6307
neutral,0.6915
negative,0.9722
negative,0.9746
positive,0.8524
positive,0.6485
positive,0.7086
positive,0.9186
negative,0.928
positive,0.8982
positive,0.6182
negative,0.9577
neutral,0.77
neutral,0.9409
neutral,0.9422
positive,0.9042
positive,0.7912
neutral,0.7672
positive,0.9362
negative,0.7522
negative,0.6801
positive,0.9477
neutral,0.4996
negative,0.8602
neutral,0.9402
neutral,0.9177
neutral,0.8339
positive,0.949
negative,0.9251
positive,0.921
negative,0.3725
neutral,0.9213
negative,0.7584
positive,0.8523
negative,0.7714
negative,0.9296
positive,0.8086
positive,0.7912
neutral,0.9334
neutral,0.3732
neutral,0.6286
neutral,0.6473
negative,0.4255
negative,0.7776
negative,0.9705
positive,0.9099
neutral,0.7573
neutral,0.8309
neutral,0.9155
positive,0.5108
positive,0.945
positive,0.9505
positive,0.9331
negative,0.8174
positive,0.8932
positive,0.6756
negative,0.7319
positive,0.7066
neutral,0.901
neutral,0.6704
positive,0.7168
positive,0.9253
neutral,0.6338
positive,0.8271
positive,0.881
negative,0.704
neutral,0.7377
positive,0.9057
positive,0.8635
negative,0.574
neutral,0.5891
positive,0.9584
positive,0.6215
neutral,0.8686
negative,0.9727
positive,0.6594
negative,0.9602
neutral,0.833
positive,0.9269
positive,0.5332
positive,0.6687
neutral,0.9206
negative,0.8497
neutral,0.6326
neutral,0.9218
positive,0.6037
negative,0.9748
neutral,0.5844
positive,0.9039
neutral,0.7221
neutral,0.9183
positive,0.91
positive,0.9298
neutral,0.4929
positive,0.7916
positive,0.8345
neutral,0.8503
neutral,0.833
positive,0.9112
neutral,0.5859
neutral,0.8424
positive,0.9551
neutral,0.8631
neutral,0.8631
neutral,0.81
neutral,0.9021
neutral,0.8687
neutral,0.8582
neutral,0.8926
negative,0.9745
positive,0.8463
positive,0.722
positive,0.9368
neutral,0.8473
neutral,0.7281
positive,0.7606
negative,0.8347
neutral,0.9362
neutral,0.7288
negative,0.8725
negative,0.9473
neutral,0.5432
neutral,0.9118
positive,0.5944
positive,0.4862
neutral,0.8632
negative,0.9479
neutral,0.7893
neutral,0.9266
positive,0.9539
positive,0.9421
positive,0.9144
neutral,0.6954
neutral,0.9116
positive,0.9265
positive,0.8274
neutral,0.539
positive,0.5567
neutral,0.7843
positive,0.7899
positive,0.8858
negative,0.9715
neutral,0.5419
negative,0.7912
positive,0.7463
neutral,0.6095
neutral,0.8632
positive,0.9537
positive,0.9082
neutral,0.5793
positive,0.7707
positive,0.834
negative,0.967
positive,0.8444
positive,0.6979
neutral,0.9294
negative,0.9741
negative,0.9697
neutral,0.8111
positive,0.8332
positive,0.9421
neutral,0.5858
positive,0.5557
neutral,0.8506
positive,0.9511
negative,0.9711
positive,0.8942
negative,0.9719
neutral,0.8367
neutral,0.9132
neutral,0.8358
neutral,0.7599
neutral,0.5383
positive,0.8684
neutral,0.9425
neutral,0.7917
neutral,0.8909
neutral,0.9517
neutral,0.7733
positive,0.9198
positive,0.7278
neutral,0.6227
positive,0.6783
neutral,0.7601
neutral,0.8969
neutral,0.7681
positive,0.8293
neutral,0.5869
neutral,0.9105
neutral,0.8599
positive,0.9535
negative,0.9694
neutral,0.8537
positive,0.8682
positive,0.9389
negative,0.9724
positive,0.6587
positive,0.9403
negative,0.9114
positive,0.8819
negative,0.9626
neutral,0.9024
neutral,0.6372
negative,0.8894
negative,0.9661
negative,0.9743
neutral,0.9507
positive,0.6481
neutral,0.6592
positive,0.5877
negative,0.5951
negative,0.5071
negative,0.9714
neutral,0.807
neutral,0.5943
positive,0.8076
neutral,0.8772
positive,0.8922
neutral,0.9459
neutral,0.8182
positive,0.7774
neutral,0.9278
negative,0.974
negative,0.9658
negative,0.9662
negative,0.9692
negative,0.6105
positive,0.9031
positive,0.7691
neutral,0.8738
negative,0.9741
positive,0.7163
negative,0.9731
neutral,0.9102
neutral,0.8272
negative,0.9694
positive,0.5232
negative,0.9664
neutral,0.9434
neutral,0.7073
neutral,0.7624
neutral,0.8977
positive,0.6031
positive,0.9242
neutral,0.8353
neutral,0.9057
positive,0.6134
neutral,0.9149
neutral,0.9309
neutral,0.8851
neutral,0.7558
positive,0.8366
neutral,0.9334
negative,0.8208
negative,0.9734
neutral,0.7251
positive,0.8186
neutral,0.9334
positive,0.5316
negative,0.9737
negative,0.9746
positive,0.6725
neutral,0.8355
negative,0.9748
negative,0.9696
positive,0.6356
neutral,0.8063
neutral,0.8142
neutral,0.7905
negative,0.9576
negative,0.6036
negative,0.9696
neutral,0.9289
negative,0.9728
negative,0.9748
positive,0.8562
neutral,0.8725
negative,0.9732
positive,0.763
positive,0.9242
positive,0.9567
positive,0.8467
neutral,0.8151
neutral,0.913
positive,0.7215
positive,0.9125
neutral,0.7916
positive,0.7952
positive,0.7187
neutral,0.8499
negative,0.9728
neutral,0.7358
positive,0.6618
neutral,0.6509
positive,0.8912
neutral,0.9226
negative,0.9637
neutral,0.9348
neutral,0.5899
neutral,0.9304
neutral,0.8594
neutral,0.8912
positive,0.6708
neutral,0.7685
positive,0.9451
positive,0.9256
negative,0.9703
neutral,0.7372
neutral,0.5745
positive,0.9425
neutral,0.8249
negative,0.7418
neutral,0.728
positive,0.9144
negative,0.9605
positive,0.7703
neutral,0.6768
neutral,0.7576
positive,0.7747
neutral,0.6084
negative,0.4398
positive,0.9303
positive,0.9498
positive,0.7925
positive,0.6341
positive,0.9492
neutral,0.56
positive,0.9543
negative,0.97
positive,0.9521
positive,0.948
neutral,0.8928
positive,0.9447
negative,0.9574
negative,0.7782
negative,0.8946
neutral,0.9157
neutral,0.8941
neutral,0.8873
positive,0.6356
neutral,0.7977
negative,0.8542
neutral,0.9301
positive,0.6759
neutral,0.6651
neutral,0.5508
positive,0.7924
positive,0.9155
positive,0.7384
positive,0.6175
positive,0.9444
positive,0.8075
neutral,0.902
negative,0.9425
negative,0.9689
negative,0.9641
positive,0.8948
positive,0.6952
positive,0.7611
neutral,0.9262
neutral,0.7005
negative,0.4712
positive,0.8921
positive,0.8288
positive,0.5285
positive,0.8822
positive,0.7464
neutral,0.8656
positive,0.5232
negative,0.9752
neutral,0.9222
negative,0.9269
positive,0.8651
positive,0.6879
negative,0.9103
neutral,0.8546
positive,0.8031
neutral,0.914
positive,0.7329
positive,0.9513
positive,0.9513
positive,0.9513
positive,0.9094
neutral,0.6495
neutral,0.7656
positive,0.8912
positive,0.5477
positive,0.9094
neutral,0.8118
positive,0.7582
positive,0.8539
positive,0.4482
neutral,0.8035
positive,0.8793
neutral,0.945
neutral,0.5446
positive,0.8972
positive,0.7994
neutral,0.9121
positive,0.9467
positive,0.7917
positive,0.9444
positive,0.7204
positive,0.9453
negative,0.9095
neutral,0.8258
neutral,0.7921
negative,0.5965
positive,0.514
negative,0.7469
positive,0.9276
neutral,0.9013
positive,0.8829
neutral,0.5932
positive,0.9395
positive,0.5129
positive,0.8921
positive,0.7062
positive,0.7335
positive,0.9306
positive,0.938
neutral,0.8852
positive,0.9275
neutral,0.9172
positive,0.8622
neutral,0.8098
neutral,0.9088
neutral,0.8396
negative,0.6613
positive,0.9396
negative,0.972
negative,0.9751
positive,0.5237
positive,0.9409
negative,0.9745
neutral,0.9087
neutral,0.6279
neutral,0.852
neutral,0.6582
positive,0.8748
negative,0.9265
negative,0.8956
neutral,0.7589
positive,0.8723
neutral,0.8783
neutral,0.9292
neutral,0.4205
neutral,0.7846
positive,0.9506
neutral,0.7092
positive,0.7793
negative,0.9694
positive,0.951
negative,0.9634
positive,0.9304
neutral,0.7633
neutral,0.7191
positive,0.8525
neutral,0.7661
positive,0.8888
neutral,0.8834
positive,0.4017
negative,0.9445
positive,0.9304
positive,0.5752
negative,0.9445
neutral,0.5271
positive,0.7899
neutral,0.932
neutral,0.932
negative,0.6182
positive,0.8354
neutral,0.6929
positive,0.9594
positive,0.8953
negative,0.9638
positive,0.8035
negative,0.5485
neutral,0.8266
neutral,0.9304
neutral,0.897
neutral,0.926
negative,0.9659
positive,0.8428
negative,0.8306
neutral,0.9062
positive,0.7678
neutral,0.8596
neutral,0.9316
neutral,0.6398
neutral,0.6964
neutral,0.5152
negative,0.8319
neutral,0.7709
positive,0.7853
negative,0.8574
positive,0.7998
positive,0.7746
neutral,0.8922
positive,0.9415
positive,0.8447
negative,0.9697
positive,0.9251
neutral,0.8366
positive,0.9066
positive,0.7432
neutral,0.5437
negative,0.8353
neutral,0.9433
neutral,0.9332
positive,0.6959
positive,0.6685
negative,0.8947
positive,0.7288
neutral,0.9402
neutral,0.588
positive,0.8991
positive,0.5041
neutral,0.8651
neutral,0.9284
neutral,0.9235
neutral,0.8567
positive,0.9077
neutral,0.6898
positive,0.9513
neutral,0.5603
negative,0.9712
neutral,0.8544
negative,0.9703
positive,0.8844
positive,0.5394
positive,0.5681
positive,0.5651
positive,0.7049
positive,0.9258
positive,0.6713
negative,0.9634
neutral,0.8662
positive,0.9011
neutral,0.8745
positive,0.7191
neutral,0.8789
positive,0.6083
neutral,0.9097
positive,0.9441
neutral,0.9118
negative,0.9631
neutral,0.9343
neutral,0.5944
neutral,0.5634
positive,0.9513
neutral,0.9037
negative,0.9623
positive,0.5
positive,0.9133
neutral,0.9301
negative,0.8976
negative,0.9485
positive,0.9412
neutral,0.8693
neutral,0.9225
positive,0.5077
negative,0.9141
negative,0.9708
negative,0.9702
negative,0.9718
positive,0.9064
negative,0.9739
negative,0.9289
positive,0.5563
neutral,0.9304
negative,0.9705
positive,0.9547
positive,0.8713
negative,0.9733
negative,0.615
negative,0.974
neutral,0.6669
negative,0.9732
positive,0.5825
negative,0.9714
positive,0.9512
negative,0.9649
positive,0.5622
negative,0.9675
positive,0.9451
positive,0.8063
positive,0.759
negative,0.9695
negative,0.8053
neutral,0.8146
negative,0.9678
negative,0.964
positive,0.8895
neutral,0.9241
positive,0.9483
positive,0.9557
negative,0.9717
negative,0.9562
positive,0.8367
positive,0.6155
negative,0.9628
negative,0.9658
positive,0.5241
neutral,0.8642
neutral,0.918
neutral,0.8377
negative,0.924
positive,0.5101
neutral,0.9179
neutral,0.8727
neutral,0.7949
neutral,0.6069
neutral,0.8947
positive,0.6592
neutral,0.9221
neutral,0.7433
positive,0.7614
positive,0.9391
negative,0.9717
neutral,0.7207
positive,0.635
neutral,0.7721
neutral,0.7516
neutral,0.5402
neutral,0.7604
neutral,0.9352
neutral,0.4948
neutral,0.6439
negative,0.9736
negative,0.9674
positive,0.931
negative,0.9682
negative,0.9624
neutral,0.9297
neutral,0.9209
positive,0.9054
neutral,0.8915
neutral,0.6726
neutral,0.6237
negative,0.9141
neutral,0.9178
positive,0.8287
positive,0.7969
negative,0.968
positive,0.8273
neutral,0.8822
positive,0.7712
negative,0.967
neutral,0.9267
neutral,0.8782
negative,0.952
negative,0.9719
neutral,0.8154
neutral,0.8731
negative,0.9505
neutral,0.9358
neutral,0.7256
neutral,0.923
negative,0.9587
neutral,0.8426
positive,0.8544
negative,0.9699
neutral,0.908
positive,0.6086
neutral,0.9121
positive,0.9513
neutral,0.7691
negative,0.9653
positive,0.8897
positive,0.8408
neutral,0.877
neutral,0.9263
neutral,0.6182
positive,0.8721
neutral,0.5103
positive,0.672
negative,0.9174
positive,0.9513
negative,0.7387
negative,0.7981
positive,0.9252
negative,0.5569
neutral,0.9342
neutral,0.9416
positive,0.9403
neutral,0.8489
neutral,0.7735
neutral,0.7075
neutral,0.8422
positive,0.7222
negative,0.9319
negative,0.8945
neutral,0.8972
negative,0.8317
neutral,0.7559
negative,0.9581
neutral,0.9372
neutral,0.8181
negative,0.9537
positive,0.934
neutral,0.9146
neutral,0.8357
neutral,0.6006
positive,0.9374
neutral,0.55
neutral,0.79
positive,0.934
neutral,0.9404
neutral,0.708
neutral,0.5721
neutral,0.8857
negative,0.9764
positive,0.6377
neutral,0.9395
negative,0.9741
negative,0.974
negative,0.9749
negative,0.9502
negative,0.9537
negative,0.9734
neutral,0.6202
neutral,0.7063
positive,0.7906
neutral,0.8065
negative,0.8667
negative,0.6173
neutral,0.9424
positive,0.8554
neutral,0.8031
neutral,0.9375
negative,0.8479
negative,0.9635
positive,0.9105
neutral,0.6147
positive,0.9112
neutral,0.9412
negative,0.9412
positive,0.9269
positive,0.4853
neutral,0.6614
neutral,0.9186
positive,0.9335
neutral,0.9441
neutral,0.7834
neutral,0.8323
neutral,0.9137
neutral,0.9309
neutral,0.8571
negative,0.7325
neutral,0.7026
positive,0.9552
neutral,0.9391
negative,0.8348
negative,0.8213
neutral,0.7814
neutral,0.6582
neutral,0.9013
neutral,0.9127
positive,0.7248
neutral,0.5825
positive,0.4963
positive,0.9201
negative,0.9509
negative,0.9219
negative,0.9539
negative,0.748
neutral,0.6784
positive,0.9319
negative,0.9735
negative,0.958
negative,0.946
neutral,0.8441
positive,0.942
negative,0.9625
positive,0.8369
negative,0.9336
positive,0.9194
positive,0.8261
negative,0.8683
negative,0.8662
negative,0.9715
positive,0.9446
positive,0.9303
negative,0.9048
negative,0.706
neutral,0.7413
neutral,0.8325
neutral,0.9359
neutral,0.9491
positive,0.8687
positive,0.702
positive,0.9454
neutral,0.8791
neutral,0.9395
neutral,0.5126
neutral,0.4776
neutral,0.8135
positive,0.9539
positive,0.8796
negative,0.969
positive,0.6326
positive,0.7564
positive,0.9535
negative,0.9015
negative,0.975
negative,0.972
positive,0.8332
negative,0.9689
positive,0.9489
neutral,0.8193
positive,0.8302
positive,0.8578
positive,0.761
neutral,0.7464
negative,0.7648
positive,0.6631
positive,0.932
positive,0.6367
neutral,0.5143
neutral,0.9373
positive,0.733
neutral,0.808
positive,0.9049
neutral,0.5398
positive,0.6134
neutral,0.938
positive,0.9294
neutral,0.936
negative,0.976
negative,0.9414
neutral,0.7683
neutral,0.8229
neutral,0.6647
positive,0.8999
positive,0.9187
neutral,0.8356
negative,0.9486
negative,0.9565
negative,0.963
neutral,0.8561
positive,0.8935
negative,0.9374
neutral,0.8116
neutral,0.8574
neutral,0.9051
neutral,0.7634
neutral,0.8436
positive,0.612
neutral,0.9021
positive,0.6991
neutral,0.5772
neutral,0.569
negative,0.9466
positive,0.7823
neutral,0.7152
neutral,0.8934
neutral,0.5514
positive,0.7354
positive,0.8318
negative,0.9121
negative,0.973
negative,0.8
neutral,0.915
positive,0.6675
positive,0.957
neutral,0.6944
negative,0.6725
negative,0.9751
neutral,0.6025
neutral,0.933
neutral,0.9018
negative,0.4977
positive,0.926
negative,0.9713
neutral,0.6146
positive,0.6668
positive,0.9353
neutral,0.5122
positive,0.7516
positive,0.7047
negative,0.8881
positive,0.5164
negative,0.9608
neutral,0.9189
positive,0.612
positive,0.514
positive,0.889
positive,0.5482
neutral,0.7827
neutral,0.9105
neutral,0.7958
neutral,0.5291
positive,0.9522
positive,0.6324
neutral,0.9299
negative,0.9213
negative,0.6311
neutral,0.8178
neutral,0.7664
positive,0.8522
negative,0.9641
negative,0.9308
negative,0.9457
positive,0.8988
neutral,0.9294
neutral,0.8019
positive,0.7593
negative,0.8408
positive,0.6164
neutral,0.612
positive,0.6183
neutral,0.5208
negative,0.9643
positive,0.6939
positive,0.5874
negative,0.8049
negative,0.9455
neutral,0.9363
neutral,0.807
neutral,0.3964
neutral,0.6449
neutral,0.9387
negative,0.9692
neutral,0.9264
positive,0.8244
neutral,0.8359
neutral,0.7977
neutral,0.7406
negative,0.7553
neutral,0.9227
negative,0.969
positive,0.501
neutral,0.8363
negative,0.9468
neutral,0.8584
positive,0.6393
positive,0.8558
neutral,0.9384
positive,0.9543
positive,0.9118
neutral,0.9269
neutral,0.9126
neutral,0.9342
positive,0.9207
neutral,0.9083
positive,0.5598
positive,0.8942
negative,0.8114
positive,0.6763
neutral,0.799
neutral,0.712
neutral,0.5156
neutral,0.5521
positive,0.6429
positive,0.6509
positive,0.9122
positive,0.641
neutral,0.8096
neutral,0.9165
positive,0.9355
neutral,0.8187
positive,0.9148
neutral,0.8363
positive,0.8523
negative,0.9045
neutral,0.8436
neutral,0.8368
positive,0.813
positive,0.6381
positive,0.6283
neutral,0.8471
positive,0.9233
positive,0.7163
negative,0.8933
positive,0.9231
negative,0.8545
neutral,0.5552
negative,0.606
positive,0.8928
positive,0.7126
positive,0.7634
positive,0.8039
negative,0.588
neutral,0.7622
neutral,0.9168
neutral,0.9205
neutral,0.8466
negative,0.9763
positive,0.5837
positive,0.8776
positive,0.9081
positive,0.7839
neutral,0.5813
positive,0.7782
negative,0.7326
negative,0.8751
neutral,0.8401
neutral,0.7271
neutral,0.8733
neutral,0.849
positive,0.5397
positive,0.927
neutral,0.9199
neutral,0.8443
positive,0.5144
neutral,0.6185
neutral,0.9208
positive,0.9455
positive,0.8796
positive,0.8104
neutral,0.9118
positive,0.9598
positive,0.8916
neutral,0.922
neutral,0.9083
positive,0.9126
positive,0.7207
neutral,0.9135
negative,0.9737
neutral,0.8479
positive,0.9043
negative,0.9667
neutral,0.9006
positive,0.9263
neutral,0.9337
positive,0.9311
negative,0.8751
negative,0.8751
neutral,0.9037
neutral,0.6911
positive,0.871
negative,0.8193
negative,0.9268
neutral,0.5577
neutral,0.9118
neutral,0.5038
neutral,0.8281
negative,0.8709
neutral,0.8401
neutral,0.822
positive,0.7621
neutral,0.495
positive,0.8201
positive,0.7924
neutral,0.9369
positive,0.9247
negative,0.9658
neutral,0.6467
positive,0.9499
positive,0.9276
positive,0.8361
neutral,0.728
positive,0.9251
neutral,0.8962
neutral,0.5342
neutral,0.6055
positive,0.881
neutral,0.6501
positive,0.8834
neutral,0.7422
neutral,0.9333
neutral,0.8456
neutral,0.9145
positive,0.6957
positive,0.8642
positive,0.91
positive,0.9263
positive,0.9272
neutral,0.8876
neutral,0.6727
negative,0.4917
positive,0.9556
negative,0.9738
positive,0.9075
negative,0.9564
negative,0.9691
negative,0.5353
negative,0.9329
negative,0.9412
negative,0.9739
negative,0.9671
negative,0.973
negative,0.9697
neutral,0.8369
neutral,0.7922
negative,0.9716
negative,0.9742
positive,0.7938
negative,0.6244
neutral,0.9229
negative,0.9465
negative,0.9729
neutral,0.8401
negative,0.9692
negative,0.5342
negative,0.966
neutral,0.9431
negative,0.9207
negative,0.905
neutral,0.9186
positive,0.7708
positive,0.8046
negative,0.971
neutral,0.8771
neutral,0.926
negative,0.9687
positive,0.6483
negative,0.9666
neutral,0.9245
positive,0.5052
negative,0.9646
positive,0.8856
neutral,0.8851
positive,0.9474
neutral,0.8751
positive,0.9214
negative,0.7839
positive,0.9327
negative,0.7424
positive,0.5876
negative,0.9717
positive,0.524
positive,0.7958
positive,0.949
positive,0.949
neutral,0.9372
neutral,0.8958
neutral,0.5378
negative,0.964
neutral,0.9098
positive,0.7148
negative,0.9609
positive,0.7786
positive,0.75
neutral,0.73
negative,0.9387
positive,0.9244
negative,0.9651
negative,0.9611
negative,0.9596
negative,0.9701
negative,0.9653
neutral,0.74
negative,0.9724
positive,0.8672
neutral,0.8666
positive,0.9352
neutral,0.8401
negative,0.9671
negative,0.9675
neutral,0.9211
negative,0.9175
positive,0.8081
negative,0.97
negative,0.6949
negative,0.565
neutral,0.6232
negative,0.6516
positive,0.7511
negative,0.6533
negative,0.761
neutral,0.8774
positive,0.795
negative,0.9113
neutral,0.9183
neutral,0.9196
neutral,0.8416
negative,0.9359
negative,0.9709
negative,0.5436
positive,0.6962
neutral,0.7906
neutral,0.8401
neutral,0.838
neutral,0.8632
neutral,0.88
neutral,0.8519
positive,0.8501
positive,0.9243
positive,0.9426
negative,0.5045
negative,0.9066
positive,0.9543
positive,0.9425
neutral,0.8576
negative,0.9623
negative,0.9623
positive,0.6017
negative,0.964
neutral,0.8676
neutral,0.8258
negative,0.9655
negative,0.9725
positive,0.8487
positive,0.8277
neutral,0.8926
neutral,0.4978
negative,0.9263
negative,0.9311
neutral,0.8363
positive,0.7924
neutral,0.6858
positive,0.5661
positive,0.9195
negative,0.9722
neutral,0.8363
positive,0.7324
neutral,0.8547
positive,0.9044
negative,0.9216
negative,0.9469
neutral,0.854
neutral,0.7418
neutral,0.7418
positive,0.9539
neutral,0.8999
neutral,0.9237
positive,0.5591
negative,0.9711
negative,0.8563
neutral,0.9453
positive,0.8035
neutral,0.9247
positive,0.9281
neutral,0.3941
positive,0.8015
neutral,0.6559
positive,0.9298
negative,0.9635
neutral,0.5585
neutral,0.9226
negative,0.9676
neutral,0.854
positive,0.5046
neutral,0.8051
negative,0.962
neutral,0.5384
positive,0.9219
neutral,0.5517
neutral,0.8999
negative,0.9442
neutral,0.946
negative,0.9414
positive,0.9473
neutral,0.7261
negative,0.7538
neutral,0.7707
negative,0.6439
positive,0.9432
neutral,0.8312
negative,0.9674
negative,0.9743
negative,0.9737
neutral,0.8363
negative,0.8547
positive,0.9209
neutral,0.8366
positive,0.946
positive,0.9394
neutral,0.9215
neutral,0.9287
neutral,0.6168
positive,0.8135
neutral,0.635
positive,0.7189
negative,0.9534
positive,0.7644
positive,0.9434
positive,0.9434
positive,0.8606
negative,0.974
neutral,0.8371
positive,0.8964
positive,0.8821
positive,0.9455
positive,0.505
positive,0.8527
neutral,0.9328
neutral,0.9272
neutral,0.8363
neutral,0.8773
neutral,0.8617
neutral,0.9385
neutral,0.7479
positive,0.9222
negative,0.9737
negative,0.9004
positive,0.6333
negative,0.9444
positive,0.9551
positive,0.6114
negative,0.8831
positive,0.833
positive,0.9393
neutral,0.817
neutral,0.925
neutral,0.9327
neutral,0.9076
negative,0.9627
positive,0.3974
neutral,0.8363
negative,0.9101
neutral,0.8347
positive,0.9507
positive,0.9017
negative,0.9717
negative,0.9595
negative,0.967
neutral,0.6665
negative,0.952
positive,0.5298
neutral,0.94
neutral,0.7768
positive,0.953
neutral,0.9366
positive,0.7371
positive,0.7588
positive,0.5385
positive,0.9433
neutral,0.9281
negative,0.9177
neutral,0.9359
positive,0.9017
neutral,0.6954
positive,0.7248
neutral,0.8936
negative,0.9507
neutral,0.8363
neutral,0.9191
neutral,0.8593
negative,0.8521
negative,0.5044
neutral,0.8862
positive,0.9308
neutral,0.932
negative,0.974
positive,0.6982
negative,0.9637
positive,0.6719
positive,0.809
positive,0.9443
neutral,0.9155
positive,0.8244
negative,0.9692
positive,0.8857
neutral,0.8625
negative,0.7204
neutral,0.8586
neutral,0.8786
neutral,0.9409
positive,0.9367
negative,0.8295
negative,0.5895
positive,0.9522
neutral,0.8946
negative,0.9582
neutral,0.7522
positive,0.816
neutral,0.5895
negative,0.9734
positive,0.8472
positive,0.9458
negative,0.9756
negative,0.972
positive,0.889
positive,0.7736
neutral,0.7886
positive,0.9188
negative,0.7243
positive,0.9511
negative,0.9713
negative,0.9745
negative,0.9719
negative,0.9743
positive,0.9469
neutral,0.765
negative,0.9727
negative,0.9742
neutral,0.8294
positive,0.9557
positive,0.9521
positive,0.6808
neutral,0.8363
positive,0.9268
neutral,0.8922
positive,0.8298
negative,0.9674
neutral,0.7985
positive,0.9032
positive,0.7
positive,0.9
positive,0.6936
neutral,0.8675
neutral,0.9203
positive,0.9358
neutral,0.9188
positive,0.9475
neutral,0.6215
positive,0.948
negative,0.9459
neutral,0.8139
positive,0.8854
neutral,0.934
positive,0.8773
neutral,0.9157
negative,0.958
negative,0.9735
neutral,0.9137
neutral,0.9447
positive,0.9391
neutral,0.9122
positive,0.9454
positive,0.9474
negative,0.952
negative,0.9725
neutral,0.8363
positive,0.8681
neutral,0.8468
positive,0.9289
negative,0.955
negative,0.625
positive,0.8071
positive,0.9227
positive,0.839
neutral,0.7386
positive,0.8796
positive,0.6616
positive,0.9363
negative,0.9742
negative,0.9553
neutral,0.9418
negative,0.9753
positive,0.923
positive,0.9316
negative,0.9701
positive,0.958
neutral,0.8363
positive,0.7925
positive,0.9366
positive,0.9218
positive,0.5225
neutral,0.7727
neutral,0.9216
negative,0.5178
positive,0.9373
neutral,0.673
negative,0.4985
positive,0.7969
negative,0.9736
negative,0.9488
positive,0.906
negative,0.951
positive,0.9609
positive,0.9293
negative,0.9757
positive,0.8632
positive,0.9575
positive,0.954
negative,0.9586
neutral,0.8394
positive,0.9172
neutral,0.8363
negative,0.9673
positive,0.7496
positive,0.9604
negative,0.5508
neutral,0.7715
positive,0.9493
neutral,0.9324
neutral,0.4929
neutral,0.8422
positive,0.9591
neutral,0.6423
negative,0.8982
negative,0.6392
positive,0.7097
negative,0.9477
neutral,0.8363
positive,0.9479
neutral,0.8927
negative,0.7072
positive,0.8473
neutral,0.7836
neutral,0.9381
neutral,0.9135
neutral,0.7796
negative,0.841
positive,0.8812
neutral,0.6053
neutral,0.6457
positive,0.458
neutral,0.8949
negative,0.6259
neutral,0.894
negative,0.5775
positive,0.9169
positive,0.9595
neutral,0.7188
positive,0.7538
negative,0.9
negative,0.6059
positive,0.8738
neutral,0.5905
positive,0.9373
neutral,0.8246
negative,0.9081
positive,0.6227
positive,0.9559
positive,0.7449
positive,0.8975
positive,0.9349
neutral,0.5714
positive,0.8637
negative,0.9765
positive,0.801
positive,0.8962
neutral,0.8875
positive,0.8538
neutral,0.904
neutral,0.5581
positive,0.4946
positive,0.9556
negative,0.9754
neutral,0.7942
positive,0.8512
positive,0.9593
negative,0.9751
positive,0.7718
neutral,0.8461
positive,0.6062
neutral,0.6823
negative,0.9624
positive,0.5788
neutral,0.7571
neutral,0.8363
neutral,0.8436
neutral,0.9089
negative,0.9728
neutral,0.5363
negative,0.9688
positive,0.9137
negative,0.9732
positive,0.7324
neutral,0.6502
negative,0.864
negative,0.9732
neutral,0.9405
positive,0.9552
positive,0.6364
neutral,0.86
neutral,0.8855
neutral,0.9437
neutral,0.8363
positive,0.9284
negative,0.5803
positive,0.8318
neutral,0.6728
positive,0.8259
neutral,0.764
neutral,0.8307
positive,0.9172
positive,0.9548
positive,0.9052
positive,0.7004
neutral,0.8635
positive,0.8533
positive,0.94
negative,0.831
positive,0.4265
positive,0.7896
positive,0.9133
positive,0.8429
positive,0.793
neutral,0.8793
neutral,0.935
negative,0.9225
neutral,0.8558
neutral,0.9011
neutral,0.8908
positive,0.9475
negative,0.9137
positive,0.6207
neutral,0.9089
negative,0.8431
neutral,0.9018
neutral,0.8401
positive,0.952
neutral,0.9083
positive,0.532
neutral,0.5504
neutral,0.6541
neutral,0.924
positive,0.899
positive,0.9476
positive,0.9369
neutral,0.7776
neutral,0.6997
neutral,0.81
negative,0.6344
positive,0.5021
neutral,0.8882
neutral,0.926
neutral,0.8508
neutral,0.8823
neutral,0.9214
neutral,0.9406
positive,0.8763
neutral,0.8288
neutral,0.9171
neutral,0.9249
neutral,0.9225
positive,0.8819
positive,0.952
positive,0.8523
negative,0.8298
negative,0.7878
neutral,0.6902
neutral,0.8066
negative,0.9312
positive,0.9411
positive,0.946
positive,0.899
positive,0.952
positive,0.8568
positive,0.7064
positive,0.8433
positive,0.9183
neutral,0.9224
positive,0.9514
positive,0.5466
neutral,0.9014
positive,0.9241
positive,0.8351
positive,0.9191
positive,0.5686
neutral,0.8273
negative,0.6858
positive,0.8622
negative,0.9028
neutral,0.8299
positive,0.5757
neutral,0.8495
neutral,0.7711
neutral,0.9222
negative,0.9657
positive,0.8885
negative,0.8766
neutral,0.7165
neutral,0.8493
positive,0.8502
positive,0.9429
neutral,0.7165
neutral,0.912
positive,0.9163
neutral,0.9361
neutral,0.9116
neutral,0.7625
neutral,0.9029
neutral,0.9329
neutral,0.8401
positive,0.7609
positive,0.9411
positive,0.6064
positive,0.7367
positive,0.4808
positive,0.7525
neutral,0.6266
neutral,0.9378
negative,0.9734
negative,0.9722
positive,0.8767
neutral,0.6148
positive,0.9521
neutral,0.6322
positive,0.8883
positive,0.8502
positive,0.9305
neutral,0.8401
positive,0.5991
neutral,0.9092
neutral,0.8716
neutral,0.9361
neutral,0.9473
neutral,0.8666
neutral,0.8031
positive,0.9095
positive,0.9181
neutral,0.9441
neutral,0.8401
negative,0.8158
neutral,0.7532
positive,0.8134
positive,0.8419
neutral,0.6595
positive,0.5802
positive,0.9426
positive,0.9509
neutral,0.8549
negative,0.9751
neutral,0.9333
neutral,0.7303
neutral,0.9078
positive,0.9244
negative,0.9192
neutral,0.8165
neutral,0.8559
positive,0.9477
neutral,0.8431
neutral,0.9099
neutral,0.7398
positive,0.6359
negative,0.637
positive,0.7495
neutral,0.8095
positive,0.9548
neutral,0.9363
neutral,0.5109
positive,0.9329
positive,0.9202
positive,0.7073
negative,0.9259
neutral,0.8401
positive,0.6415
neutral,0.8623
neutral,0.8156
positive,0.611
neutral,0.8613
neutral,0.9025
positive,0.8878
negative,0.6036
negative,0.9677
positive,0.9443
positive,0.9418
positive,0.9386
negative,0.9602
positive,0.8433
neutral,0.9064
positive,0.9347
positive,0.8624
positive,0.787
positive,0.702
positive,0.9314
neutral,0.8275
negative,0.9103
positive,0.9378
neutral,0.9418
negative,0.8691
negative,0.9742
neutral,0.8901
neutral,0.7177
positive,0.9205
neutral,0.8222
negative,0.9717
positive,0.9152
negative,0.5363
positive,0.9403
neutral,0.9224
positive,0.7451
positive,0.9315
positive,0.9493
neutral,0.9252
neutral,0.8689
negative,0.9103
negative,0.8784
negative,0.9704
positive,0.6589
negative,0.9641
neutral,0.9328
neutral,0.7686
positive,0.9217
neutral,0.7703
negative,0.7872
positive,0.483
negative,0.97
negative,0.7623
positive,0.7409
negative,0.9686
negative,0.9731
negative,0.953
positive,0.8563
positive,0.9213
positive,0.9338
positive,0.7368
neutral,0.6067
positive,0.7452
negative,0.7527
neutral,0.7823
positive,0.5439
negative,0.9632
negative,0.9756
negative,0.973
positive,0.5959
neutral,0.9166
positive,0.8147
negative,0.9018
positive,0.8428
negative,0.956
positive,0.9368
positive,0.8574
negative,0.9331
negative,0.9287
positive,0.9436
negative,0.967
neutral,0.9137
neutral,0.6652
neutral,0.8491
positive,0.9482
neutral,0.8042
negative,0.9714
negative,0.5474
neutral,0.9141
neutral,0.8463
positive,0.9291
neutral,0.8164
positive,0.8728
negative,0.874
neutral,0.8401
positive,0.5275
positive,0.9377
positive,0.9284
negative,0.9646
neutral,0.9179
negative,0.7581
negative,0.5179
positive,0.6312
positive,0.9191
neutral,0.7268
positive,0.9518
negative,0.8686
negative,0.9721
positive,0.8934
neutral,0.9295
neutral,0.8628
neutral,0.8024
positive,0.9461
positive,0.8304
positive,0.9226
neutral,0.9361
negative,0.9686
positive,0.9495
negative,0.9724
negative,0.9455
positive,0.9362
positive,0.9341
positive,0.8587
positive,0.5293
positive,0.9609
negative,0.6761
neutral,0.7576
negative,0.9081
negative,0.9754
positive,0.9271
neutral,0.8401
neutral,0.7832
negative,0.9748
neutral,0.852
negative,0.8385
positive,0.9293
neutral,0.9099
neutral,0.8338
neutral,0.908
positive,0.8252
negative,0.9593
positive,0.6196
positive,0.6654
neutral,0.8859
positive,0.7454
neutral,0.8962
neutral,0.9368
negative,0.9278
negative,0.9677
neutral,0.8324
neutral,0.8578
positive,0.9528
positive,0.5499
neutral,0.7734
neutral,0.9141
neutral,0.8708
negative,0.8497
negative,0.9301
positive,0.8197
positive,0.4497
neutral,0.5698
positive,0.9497
positive,0.8862
neutral,0.8401
negative,0.9326
neutral,0.5674
neutral,0.9119
positive,0.9345
negative,0.8375
positive,0.9468
neutral,0.7642
positive,0.9475
negative,0.9355
positive,0.9302
neutral,0.721
positive,0.9326
negative,0.9051
neutral,0.9251
negative,0.9743
positive,0.885
positive,0.6421
negative,0.8103
neutral,0.536
positive,0.5088
neutral,0.5997
positive,0.9121
negative,0.89
neutral,0.6194
positive,0.6872
positive,0.492
negative,0.9698
neutral,0.6349
neutral,0.4964
positive,0.9565
negative,0.6115
positive,0.698
negative,0.9451
positive,0.8756
neutral,0.9057
negative,0.4627
positive,0.8272
positive,0.9137
positive,0.9425
positive,0.9578
positive,0.8249
positive,0.9272
positive,0.8423
neutral,0.901
neutral,0.7907
neutral,0.9155
positive,0.7135
neutral,0.7087
negative,0.9217
positive,0.6994
positive,0.5129
positive,0.9425
neutral,0.7567
negative,0.7059
neutral,0.8981
positive,0.6481
negative,0.9304
neutral,0.8596
positive,0.9506
neutral,0.9244
neutral,0.8371
neutral,0.632
positive,0.7416
positive,0.6
neutral,0.9341
negative,0.9456
neutral,0.836
positive,0.5643
negative,0.9292
neutral,0.6407
positive,0.9233
positive,0.9346
neutral,0.8699
neutral,0.9308
neutral,0.5357
neutral,0.7665
negative,0.8418
positive,0.8899
positive,0.9521
neutral,0.8072
neutral,0.8726
positive,0.7833
neutral,0.5879
neutral,0.575
neutral,0.7697
positive,0.6856
neutral,0.8377
positive,0.8088
positive,0.602
positive,0.9555
neutral,0.5788
neutral,0.7244
positive,0.8557
neutral,0.9403
neutral,0.9013
neutral,0.9356
neutral,0.7901
positive,0.9146
neutral,0.9045
positive,0.778
neutral,0.791
positive,0.8856
positive,0.9506
positive,0.9553
negative,0.5918
positive,0.6838
positive,0.5948
neutral,0.8709
positive,0.9468
positive,0.902
positive,0.6604
neutral,0.8999
positive,0.9459
neutral,0.8653
neutral,0.5412
positive,0.9169
positive,0.5415
positive,0.8912
neutral,0.9015
positive,0.9299
positive,0.7328
positive,0.603
negative,0.6535
neutral,0.9151
neutral,0.8401
neutral,0.8176
negative,0.9757
positive,0.5892
neutral,0.938
positive,0.7665
positive,0.6092
positive,0.8989
positive,0.9063
neutral,0.7745
positive,0.7711
negative,0.9697
positive,0.9468
positive,0.6806
positive,0.9556
neutral,0.9416
positive,0.7483
negative,0.9298
neutral,0.8401
neutral,0.8883
neutral,0.8117
positive,0.9606
neutral,0.9242
neutral,0.7198
neutral,0.697
neutral,0.8717
neutral,0.8262
neutral,0.5841
positive,0.9373
positive,0.907
neutral,0.5744
neutral,0.6876
negative,0.6557
positive,0.9386
positive,0.7813
neutral,0.8489
positive,0.8018
negative,0.8627
neutral,0.9254
positive,0.909
negative,0.9733
positive,0.8969
positive,0.8871
neutral,0.5583
neutral,0.4354
neutral,0.9526
neutral,0.8401
positive,0.7071
positive,0.8615
negative,0.9366
positive,0.7456
neutral,0.9362
positive,0.9236
neutral,0.8631
neutral,0.8363
positive,0.8547
positive,0.795
negative,0.9163
positive,0.9386
neutral,0.802
negative,0.6557
neutral,0.6215
negative,0.862
positive,0.8571
neutral,0.79
negative,0.9721
negative,0.9741
neutral,0.8014
negative,0.9713
neutral,0.925
neutral,0.9361
neutral,0.7209
negative,0.9682
positive,0.9016
neutral,0.9264
neutral,0.9225
negative,0.9132
neutral,0.9266
positive,0.934
neutral,0.771
neutral,0.5455
positive,0.7947
negative,0.7634
positive,0.9316
negative,0.8371
positive,0.8961
negative,0.9602
positive,0.8511
negative,0.9512
positive,0.709
positive,0.518
negative,0.9359
positive,0.849
positive,0.7383
positive,0.518
negative,0.9703
positive,0.5501
positive,0.8325
negative,0.9568
neutral,0.9119
positive,0.6704
positive,0.6071
negative,0.668
negative,0.9724
negative,0.8945
neutral,0.944
negative,0.9729
positive,0.9428
neutral,0.7139
positive,0.5618
positive,0.9452
neutral,0.8363
positive,0.9237
positive,0.5021
negative,0.9632
neutral,0.9113
negative,0.8909
positive,0.9293
positive,0.9244
neutral,0.8213
negative,0.9702
positive,0.9101
positive,0.6834
neutral,0.9375
negative,0.9712
positive,0.5574
negative,0.973
neutral,0.7063
positive,0.7357
negative,0.9731
neutral,0.8695
positive,0.6953
positive,0.6354
neutral,0.9306
neutral,0.9118
positive,0.7551
positive,0.9209
negative,0.8907
neutral,0.9015
neutral,0.9038
neutral,0.6641
positive,0.9554
positive,0.6877
negative,0.7036
neutral,0.8401
positive,0.885
neutral,0.6457
positive,0.9114
neutral,0.8884
neutral,0.8835
positive,0.9106
positive,0.7694
positive,0.9106
neutral,0.5045
positive,0.9451
neutral,0.7183
negative,0.9754
positive,0.6611
positive,0.7638
positive,0.9307
positive,0.8282
neutral,0.9361
neutral,0.9311
neutral,0.8363
positive,0.8387
positive,0.9518
positive,0.8804
positive,0.5464
neutral,0.9438
neutral,0.9406
positive,0.8156
positive,0.7559
neutral,0.6421
positive,0.9296
positive,0.8681
positive,0.8681
positive,0.5928
negative,0.8659
neutral,0.7223
neutral,0.7005
positive,0.9307
negative,0.9089
positive,0.6379
negative,0.9401
negative,0.9695
positive,0.9016
neutral,0.8331
positive,0.8866
positive,0.8194
neutral,0.5365
neutral,0.5869
neutral,0.8363
positive,0.8249
positive,0.9132
positive,0.6212
negative,0.8598
neutral,0.9241
positive,0.8866
positive,0.8261
neutral,0.8877
positive,0.4129
neutral,0.9085
neutral,0.8831
neutral,0.9147
neutral,0.9097
neutral,0.9376
positive,0.9028
neutral,0.7103
neutral,0.6814
neutral,0.5291
neutral,0.7809
neutral,0.8363
neutral,0.8448
neutral,0.9302
neutral,0.8986
positive,0.789
neutral,0.8265
positive,0.7956
positive,0.7491
neutral,0.6106
positive,0.5325
positive,0.6987
neutral,0.615
neutral,0.7325
neutral,0.8556
negative,0.9395
neutral,0.9003
neutral,0.6923
positive,0.7675
neutral,0.7108
neutral,0.6682
negative,0.9657
positive,0.8167
neutral,0.8315
neutral,0.8096
neutral,0.685
positive,0.9408
positive,0.8508
neutral,0.9276
neutral,0.9027
negative,0.766
neutral,0.9113
positive,0.6948
neutral,0.5894
positive,0.688
positive,0.7768
neutral,0.633
positive,0.5897
neutral,0.7145
neutral,0.9235
neutral,0.8734
positive,0.9318
neutral,0.921
positive,0.8965
positive,0.7615
neutral,0.7555
negative,0.792
positive,0.5181
neutral,0.8502
positive,0.6863
neutral,0.8724
neutral,0.844
neutral,0.5698
positive,0.9522
positive,0.8747
neutral,0.7309
neutral,0.9083
negative,0.9604
positive,0.8936
positive,0.9383
positive,0.9398
negative,0.8485
neutral,0.8363
positive,0.9376
neutral,0.9153
neutral,0.8874
neutral,0.7112
positive,0.9583
positive,0.9148
negative,0.946
neutral,0.8363
positive,0.8728
positive,0.8995
positive,0.8694
negative,0.7388
neutral,0.9475
positive,0.9091
positive,0.5782
neutral,0.8017
neutral,0.5546
neutral,0.6549
positive,0.8473
positive,0.577
negative,0.744
positive,0.8898
positive,0.927
neutral,0.8511
positive,0.9096
neutral,0.8177
negative,0.9455
negative,0.7438
positive,0.8417
positive,0.8607
neutral,0.8173
neutral,0.8862
positive,0.8939
neutral,0.8401
neutral,0.8125
positive,0.5412
neutral,0.8383
positive,0.9256
neutral,0.5702
positive,0.943
neutral,0.7557
neutral,0.8596
neutral,0.9147
neutral,0.9449
positive,0.9374
neutral,0.8789
positive,0.9356
neutral,0.6073
positive,0.9156
negative,0.7284
positive,0.9481
negative,0.9494
neutral,0.885
positive,0.9536
neutral,0.7146
neutral,0.9387
neutral,0.9113
neutral,0.8448
neutral,0.8401
positive,0.9295
positive,0.9013
neutral,0.5477
neutral,0.946
positive,0.8447
positive,0.7103
neutral,0.7503
positive,0.9431
negative,0.9746
neutral,0.9434
negative,0.9483
neutral,0.9059
positive,0.9522
positive,0.927
neutral,0.9372
positive,0.883
positive,0.8382
neutral,0.6858
positive,0.5121
positive,0.782
neutral,0.8992
negative,0.5225
positive,0.8689
neutral,0.8909
negative,0.5373
positive,0.9498
neutral,0.95
neutral,0.7112
positive,0.8555
positive,0.947
neutral,0.9067
neutral,0.7112
neutral,0.7731
neutral,0.8203
positive,0.9222
neutral,0.8983
negative,0.6913
neutral,0.8337
neutral,0.7112
neutral,0.633
neutral,0.8875
neutral,0.899
positive,0.5895
neutral,0.7112
positive,0.9304
negative,0.9563
negative,0.9563
negative,0.8941
negative,0.4878
positive,0.6464
negative,0.9758
positive,0.8985
neutral,0.6989
positive,0.9589
neutral,0.938
negative,0.9686
neutral,0.8934
neutral,0.874
positive,0.6151
negative,0.9485
negative,0.528
negative,0.9646
neutral,0.7367
negative,0.9643
neutral,0.9173
neutral,0.8997
neutral,0.6553
negative,0.8908
negative,0.8062
neutral,0.944
neutral,0.8604
negative,0.9362
neutral,0.9107
neutral,0.6235
negative,0.7523
neutral,0.5758
neutral,0.8576
positive,0.9489
neutral,0.8686
negative,0.9701
positive,0.9203
positive,0.8971
positive,0.5407
neutral,0.9464
positive,0.5525
positive,0.7275
positive,0.7204
negative,0.9267
neutral,0.9497
positive,0.9546
positive,0.8377
positive,0.6431
positive,0.7819
negative,0.5443
negative,0.9722
negative,0.9492
neutral,0.9431
neutral,0.9289
positive,0.9331
neutral,0.8592
positive,0.9363
neutral,0.9041
negative,0.9614
negative,0.9753
negative,0.9642
positive,0.9558
positive,0.7416
positive,0.9291
positive,0.9385
positive,0.8823
negative,0.9703
negative,0.9703
negative,0.9732
positive,0.938
negative,0.969
negative,0.8547
positive,0.8841
negative,0.9698
negative,0.9691
positive,0.759
positive,0.93
negative,0.9524
positive,0.9487
negative,0.9349
positive,0.8941
positive,0.8505
positive,0.7942
positive,0.6295
positive,0.5506
positive,0.9327
positive,0.8631
positive,0.8611
neutral,0.9211
negative,0.9514
positive,0.9525
positive,0.5817
positive,0.9359
neutral,0.8912
negative,0.9621
neutral,0.8966
negative,0.9673
neutral,0.8908
neutral,0.8734
positive,0.5157
negative,0.9729
neutral,0.6029
neutral,0.7204
positive,0.8236
positive,0.5857
neutral,0.9419
neutral,0.7518
negative,0.5638
positive,0.8433
neutral,0.5586
negative,0.9758
positive,0.6495
neutral,0.5994
neutral,0.8543
positive,0.7113
negative,0.9758
positive,0.9485
neutral,0.8514
neutral,0.8124
neutral,0.9258
neutral,0.9304
positive,0.7782
positive,0.6364
positive,0.9476
negative,0.5763
positive,0.9559
neutral,0.8729
negative,0.9628
positive,0.9451
positive,0.9534
neutral,0.9418
positive,0.9457
neutral,0.5294
negative,0.9613
negative,0.9757
neutral,0.8876
positive,0.4563
neutral,0.8926
neutral,0.8825
negative,0.5263
positive,0.5356
positive,0.5356
negative,0.7562
negative,0.9586
positive,0.9494
neutral,0.8857
negative,0.9699
positive,0.6338
positive,0.7625
positive,0.9216
neutral,0.5084
positive,0.6139
neutral,0.9478
negative,0.5191
negative,0.9671
negative,0.9479
neutral,0.836
positive,0.9499
positive,0.5357
positive,0.6464
positive,0.9236
negative,0.9742
neutral,0.706
positive,0.8009
neutral,0.8969
neutral,0.8946
neutral,0.7933
neutral,0.8986
positive,0.7232
positive,0.8378
positive,0.9416
neutral,0.9128
neutral,0.8802
negative,0.9684
neutral,0.9188
positive,0.9345
neutral,0.9225
neutral,0.922
positive,0.7463
positive,0.5325
positive,0.5639
negative,0.6752
negative,0.8185
neutral,0.8275
negative,0.858
negative,0.9733
negative,0.9702
negative,0.7535
positive,0.5246
neutral,0.9267
positive,0.9237
neutral,0.9138
neutral,0.7534
neutral,0.8865
negative,0.8812
positive,0.6062
positive,0.8231
positive,0.7658
negative,0.9389
neutral,0.7258
positive,0.5444
negative,0.9325
negative,0.9575
neutral,0.9225
negative,0.6013
positive,0.8919
neutral,0.9351
negative,0.8411
positive,0.9271
neutral,0.9372
positive,0.6545
negative,0.7887
negative,0.9674
neutral,0.9433
neutral,0.8859
positive,0.6554
positive,0.5317
neutral,0.8912
positive,0.6058
positive,0.9481
negative,0.9712
negative,0.9502
negative,0.4706
negative,0.9718
negative,0.8493
neutral,0.9511
neutral,0.902
neutral,0.9328
neutral,0.759
positive,0.959
negative,0.9743
negative,0.7634
positive,0.8445
negative,0.5908
neutral,0.9271
neutral,0.947
positive,0.7029
neutral,0.9243
positive,0.8626
positive,0.7168
neutral,0.8773
positive,0.8008
negative,0.557
neutral,0.9378
negative,0.9664
negative,0.9509
negative,0.9612
neutral,0.8912
neutral,0.8725
neutral,0.9002
positive,0.9215
positive,0.9343
negative,0.97
negative,0.974
positive,0.6258
positive,0.9538
neutral,0.911
positive,0.8395
neutral,0.9038
neutral,0.8825
neutral,0.9016
neutral,0.941
negative,0.9606
neutral,0.8928
positive,0.547
neutral,0.6911
positive,0.9489
positive,0.884
positive,0.8689
positive,0.8921
negative,0.9726
neutral,0.7208
neutral,0.6546
negative,0.5688
positive,0.5352
positive,0.9411
neutral,0.6046
negative,0.9414
positive,0.8985
positive,0.6135
negative,0.9589
negative,0.8693
negative,0.9599
neutral,0.9309
negative,0.9546
negative,0.9746
neutral,0.917
neutral,0.94
positive,0.9231
negative,0.9754
neutral,0.6911
negative,0.9523
neutral,0.9249
positive,0.9484
positive,0.9349
neutral,0.784
positive,0.8692
negative,0.7556
neutral,0.9368
positive,0.6703
positive,0.9352
positive,0.6942
negative,0.9687
negative,0.9664
positive,0.9502
positive,0.6522
positive,0.9271
positive,0.8646
positive,0.958
positive,0.7437
positive,0.8137
positive,0.565
positive,0.72
positive,0.9576
positive,0.9419
negative,0.7917
positive,0.8023
neutral,0.745
positive,0.6183
positive,0.6604
neutral,0.9339
positive,0.9337
negative,0.9545
neutral,0.9498
positive,0.8495
neutral,0.8966
negative,0.8933
neutral,0.8834
negative,0.912
negative,0.5863
negative,0.9387
negative,0.9185
positive,0.7619
negative,0.9727
negative,0.9636
neutral,0.7782
positive,0.9448
neutral,0.6201
neutral,0.9339
negative,0.9543
negative,0.9032
negative,0.837
positive,0.9469
positive,0.8124
neutral,0.8277
positive,0.9223
positive,0.7106
neutral,0.7319
neutral,0.7647
positive,0.8826
neutral,0.9388
positive,0.9511
positive,0.4055
positive,0.9202
neutral,0.9372
negative,0.9733
positive,0.8246
positive,0.9577
positive,0.9355
positive,0.9546
positive,0.9473
positive,0.9581
neutral,0.7499
neutral,0.8834
negative,0.7497
negative,0.7466
neutral,0.9205
positive,0.9539
negative,0.7497
negative,0.962
neutral,0.953
neutral,0.9467
positive,0.7358
neutral,0.6935
positive,0.9473
positive,0.6568
positive,0.9173
positive,0.7846
positive,0.9555
neutral,0.9225
neutral,0.9106
positive,0.7183
positive,0.7648
negative,0.9611
negative,0.9092
positive,0.9506
positive,0.6369
positive,0.6913
neutral,0.9249
negative,0.955
positive,0.9403
neutral,0.9379
positive,0.9595
neutral,0.8486
positive,0.9334
positive,0.8501
neutral,0.9194
positive,0.506
neutral,0.9249
neutral,0.5588
neutral,0.954
neutral,0.9242
positive,0.7689
positive,0.9046
positive,0.9487
positive,0.8957
negative,0.8911
negative,0.9657
negative,0.9277
negative,0.936
neutral,0.8218
positive,0.7911
neutral,0.9243
positive,0.9453
positive,0.951
positive,0.8679
negative,0.9243
negative,0.837
positive,0.6544
positive,0.9166
positive,0.5452
neutral,0.7295
positive,0.8511
positive,0.8977
positive,0.5141
neutral,0.8095
neutral,0.7045
positive,0.8569
neutral,0.9103
positive,0.5404
neutral,0.5955
neutral,0.6924
positive,0.944
neutral,0.5678
positive,0.8775
neutral,0.792
positive,0.843
neutral,0.6634
negative,0.7803
negative,0.3986
positive,0.8792
neutral,0.5832
positive,0.9388
positive,0.9179
positive,0.9565
positive,0.8647
positive,0.8058
positive,0.9531
positive,0.8687
neutral,0.8381
positive,0.6526
positive,0.5381
negative,0.9448
positive,0.487
neutral,0.8214
neutral,0.7593
negative,0.9243
negative,0.9411
positive,0.7121
neutral,0.6445
neutral,0.657
positive,0.9409
negative,0.9082
positive,0.8575
positive,0.5897
positive,0.8075
positive,0.9123
negative,0.9086
negative,0.9717
neutral,0.9406
positive,0.933
neutral,0.8862
negative,0.9292
negative,0.957
positive,0.8003
positive,0.7678
positive,0.95
positive,0.9011
neutral,0.542
positive,0.9555
neutral,0.8501
neutral,0.8084
positive,0.9373
neutral,0.6668
positive,0.7203
negative,0.9248
neutral,0.5316
neutral,0.7224
negative,0.9028
positive,0.8966
positive,0.9396
positive,0.7538
neutral,0.555
positive,0.9492
negative,0.7839
positive,0.758
neutral,0.8871
neutral,0.9322
positive,0.6214
negative,0.9637
positive,0.4147
neutral,0.9164
neutral,0.9371
neutral,0.7466
negative,0.9671
neutral,0.9435
negative,0.9296
positive,0.7071
negative,0.6415
neutral,0.7812
negative,0.8984
positive,0.8029
neutral,0.908
negative,0.9633
negative,0.9206
negative,0.7532
neutral,0.9201
positive,0.9328
negative,0.6218
positive,0.544
positive,0.8928
neutral,0.8674
positive,0.9513
neutral,0.8951
positive,0.8782
negative,0.9618
neutral,0.9392
neutral,0.7283
positive,0.5065
neutral,0.8704
neutral,0.7691
negative,0.6051
positive,0.7054
neutral,0.8153
positive,0.9581
negative,0.9545
neutral,0.8496
positive,0.5971
neutral,0.6057
positive,0.6456
negative,0.6988
positive,0.9216
negative,0.6333
neutral,0.8674
positive,0.9423
negative,0.8003
positive,0.7358
neutral,0.8729
negative,0.8007
neutral,0.7856
positive,0.9597
positive,0.5983
positive,0.9579
neutral,0.6972
positive,0.9172
positive,0.772
negative,0.9459
neutral,0.8631
positive,0.7182
neutral,0.9294
positive,0.6186
positive,0.921
neutral,0.7642
positive,0.9559
positive,0.8985
positive,0.9188
neutral,0.9401
positive,0.9092
positive,0.75
neutral,0.9278
positive,0.9537
neutral,0.8937
positive,0.9084
positive,0.8734
positive,0.6901
positive,0.8605
neutral,0.9365
positive,0.6281
positive,0.9579
positive,0.9546
positive,0.9526
positive,0.883
negative,0.7174
negative,0.9657
positive,0.9237
positive,0.9264
negative,0.9719
negative,0.6919
neutral,0.9093
positive,0.7566
positive,0.7513
positive,0.5816
negative,0.8264
positive,0.9595
negative,0.9606
negative,0.9486
neutral,0.9048
positive,0.9044
positive,0.8783
neutral,0.8141
neutral,0.9138
neutral,0.8711
positive,0.7956
neutral,0.9393
neutral,0.8674
positive,0.8299
neutral,0.6198
positive,0.9393
neutral,0.9431
positive,0.9553
positive,0.8731
positive,0.5754
neutral,0.8486
neutral,0.9091
neutral,0.9216
neutral,0.934
neutral,0.7222
positive,0.4971
negative,0.9094
negative,0.937
negative,0.8099
positive,0.951
neutral,0.8674
neutral,0.8313
positive,0.6211
positive,0.5815
neutral,0.8483
positive,0.736
neutral,0.7387
neutral,0.8634
neutral,0.8903
negative,0.9751
positive,0.8496
positive,0.7747
neutral,0.6307
neutral,0.921
positive,0.6912
neutral,0.9268
neutral,0.8177
positive,0.7093
negative,0.9454
positive,0.9273
neutral,0.8674
neutral,0.9186
negative,0.7975
neutral,0.8023
neutral,0.8673
neutral,0.9368
neutral,0.6343
negative,0.7763
neutral,0.9164
neutral,0.9408
neutral,0.6547
neutral,0.7821
positive,0.7636
positive,0.6889
neutral,0.8645
positive,0.6056
neutral,0.6058
negative,0.7777
neutral,0.8645
neutral,0.9463
neutral,0.7984
neutral,0.7984
negative,0.9736
negative,0.8935
neutral,0.8088
neutral,0.9165
neutral,0.8645
neutral,0.8716
positive,0.8479
positive,0.7236
positive,0.5703
positive,0.8893
neutral,0.9372
neutral,0.8645
neutral,0.6524
neutral,0.8934
neutral,0.8956
neutral,0.936
positive,0.8502
neutral,0.9413
positive,0.9456
negative,0.6432
positive,0.948
neutral,0.872
neutral,0.9245
neutral,0.9377
positive,0.7958
neutral,0.819
negative,0.703
negative,0.9176
positive,0.7719
negative,0.768
positive,0.7297
positive,0.8133
positive,0.6557
positive,0.6754
neutral,0.7725
neutral,0.8496
negative,0.8818
negative,0.901
neutral,0.9386
neutral,0.5877
neutral,0.885
neutral,0.8496
neutral,0.8189
negative,0.7568
negative,0.9629
neutral,0.8554
neutral,0.8496
positive,0.7828
negative,0.9639
neutral,0.651
positive,0.6231
negative,0.8533
negative,0.895
positive,0.5999
neutral,0.7409
negative,0.86
neutral,0.942
neutral,0.8189
neutral,0.8496
negative,0.7514
neutral,0.8712
neutral,0.8496
positive,0.7227
negative,0.947
negative,0.7912
neutral,0.8388
negative,0.7395
neutral,0.8496
positive,0.6704
neutral,0.8606
negative,0.9123
neutral,0.9365
negative,0.7636
negative,0.7518
negative,0.9308
positive,0.6797
neutral,0.9448
negative,0.9625
neutral,0.5121
negative,0.7293
neutral,0.9424
neutral,0.8496
neutral,0.8656
positive,0.8205
neutral,0.6944
neutral,0.8533
neutral,0.8496
neutral,0.9264
neutral,0.7308
neutral,0.6898
neutral,0.912
neutral,0.9408
neutral,0.7561
neutral,0.8091
neutral,0.9423
neutral,0.9012
negative,0.9345
neutral,0.8496
neutral,0.835
positive,0.9027
positive,0.9162
positive,0.7374
neutral,0.8496
neutral,0.9075
positive,0.9004
positive,0.8111
negative,0.7569
positive,0.9102
negative,0.4746
negative,0.9539
neutral,0.7699
positive,0.8069
neutral,0.7764
neutral,0.8496
neutral,0.9278
negative,0.4904
neutral,0.8832
negative,0.8239
neutral,0.9393
neutral,0.9258
neutral,0.938
neutral,0.8496
neutral,0.928
neutral,0.9521
neutral,0.8369
neutral,0.9243
positive,0.9452
neutral,0.9286
negative,0.929
neutral,0.8496
neutral,0.9462
positive,0.9162
negative,0.8793
negative,0.8141
neutral,0.9264
neutral,0.9439
negative,0.8675
neutral,0.8496
negative,0.9675
neutral,0.5389
neutral,0.9282
neutral,0.9192
neutral,0.525
positive,0.9252
positive,0.5123
neutral,0.9217
neutral,0.8496
positive,0.597
positive,0.7051
negative,0.84
positive,0.9505
neutral,0.9364
positive,0.9246
neutral,0.8496
negative,0.4516
neutral,0.939
neutral,0.925
neutral,0.8554
neutral,0.9105
positive,0.9546
neutral,0.9185
positive,0.5109
negative,0.8493
negative,0.9691
neutral,0.6627
positive,0.9358
negative,0.5898
neutral,0.9138
positive,0.821
neutral,0.8254
neutral,0.8975
positive,0.5862
positive,0.5337
neutral,0.8554
negative,0.8873
negative,0.968
positive,0.5482
neutral,0.8518
positive,0.9278
positive,0.7682
neutral,0.6416
neutral,0.8518
neutral,0.6864
positive,0.5959
neutral,0.8952
neutral,0.8615
neutral,0.8955
negative,0.871
neutral,0.7768
positive,0.9592
negative,0.9276
neutral,0.6424
positive,0.8147
negative,0.9569
neutral,0.9254
positive,0.5401
neutral,0.5692
positive,0.6925
positive,0.896
negative,0.6946
positive,0.7738
negative,0.9701
neutral,0.5087
positive,0.6947
positive,0.9479
positive,0.6564
positive,0.5815
negative,0.9686
neutral,0.8359
positive,0.9451
positive,0.9606
neutral,0.9107
positive,0.6961
positive,0.6569
positive,0.8955
positive,0.5648
positive,0.9359
positive,0.5604
positive,0.672
positive,0.6732
positive,0.947
neutral,0.9402
positive,0.9399
neutral,0.9388
neutral,0.9349
positive,0.9591
neutral,0.7835
positive,0.8273
positive,0.9564
positive,0.9112
positive,0.8268
neutral,0.9204
neutral,0.9442
neutral,0.8496
neutral,0.8496
neutral,0.8568
positive,0.9387
neutral,0.9053
neutral,0.7764
positive,0.7071
neutral,0.5744
neutral,0.8843
negative,0.9498
neutral,0.8496
negative,0.9649
neutral,0.9213
negative,0.9668
neutral,0.5241
positive,0.7325
neutral,0.8294
neutral,0.9139
positive,0.8541
negative,0.7404
negative,0.9741
neutral,0.8798
neutral,0.8496
negative,0.8926
neutral,0.9259
neutral,0.9527
positive,0.954
neutral,0.8448
neutral,0.9216
neutral,0.8496
negative,0.9531
neutral,0.8496
positive,0.871
neutral,0.9089
positive,0.9391
neutral,0.5166
neutral,0.8496
positive,0.7458
neutral,0.9403
positive,0.5557
neutral,0.8205
neutral,0.8496
neutral,0.8939
positive,0.6716
positive,0.9067
positive,0.9548
neutral,0.5857
neutral,0.9394
neutral,0.6754
positive,0.8925
neutral,0.8496
negative,0.9121
negative,0.4857
neutral,0.8496
positive,0.8538
positive,0.8613
positive,0.5346
negative,0.9425
negative,0.968
neutral,0.8307
negative,0.9203
neutral,0.8722
negative,0.9634
positive,0.4822
neutral,0.8496
negative,0.598
negative,0.9393
neutral,0.8722
neutral,0.5945
neutral,0.8207
positive,0.6516
neutral,0.8496
neutral,0.9406
neutral,0.9074
positive,0.6707
negative,0.9704
negative,0.9172
neutral,0.7711
neutral,0.909
neutral,0.8496
negative,0.892
negative,0.8904
negative,0.7339
positive,0.7514
neutral,0.8629
neutral,0.9275
negative,0.8791
neutral,0.8496
negative,0.8743
neutral,0.563
neutral,0.9394
neutral,0.8496
neutral,0.8496
neutral,0.8496
positive,0.9047
neutral,0.9127
neutral,0.8496
neutral,0.7407
neutral,0.8496
negative,0.847
positive,0.8221
positive,0.9317
neutral,0.9215
neutral,0.8496
positive,0.9288
negative,0.9293
negative,0.8281
positive,0.5734
neutral,0.6903
negative,0.9487
neutral,0.8496
negative,0.7017
negative,0.5403
positive,0.5976
positive,0.7811
negative,0.9609
negative,0.9577
neutral,0.8496
neutral,0.7888
neutral,0.9261
neutral,0.8496
positive,0.8106
positive,0.9435
neutral,0.8496
negative,0.8234
neutral,0.5661
neutral,0.8496
neutral,0.6678
neutral,0.8496
neutral,0.9037
neutral,0.8835
neutral,0.8688
negative,0.9695
positive,0.5872
neutral,0.8496
neutral,0.9317
positive,0.8843
neutral,0.9419
neutral,0.8163
neutral,0.8496
neutral,0.7917
positive,0.3877
neutral,0.8496
negative,0.6009
neutral,0.9071
negative,0.5752
neutral,0.9424
neutral,0.8957
neutral,0.8289
positive,0.9586
neutral,0.8496
neutral,0.9407
neutral,0.8496
negative,0.963
positive,0.9575
neutral,0.8496
positive,0.5958
neutral,0.8165
positive,0.7133
neutral,0.8496
neutral,0.9066
positive,0.4966
positive,0.8799
neutral,0.6241
neutral,0.9057
neutral,0.9194
positive,0.9526
positive,0.7271
neutral,0.9361
neutral,0.8496
neutral,0.9358
neutral,0.6358
positive,0.8536
neutral,0.7872
neutral,0.8808
neutral,0.466
neutral,0.9264
neutral,0.8565
neutral,0.8496
neutral,0.8926
neutral,0.9337
positive,0.8868
positive,0.8636
neutral,0.5482
negative,0.9366
neutral,0.9327
positive,0.6593
negative,0.9342
neutral,0.8179
neutral,0.9412
positive,0.881
positive,0.8558
positive,0.9504
neutral,0.9348
neutral,0.8496
negative,0.7465
negative,0.9363
neutral,0.8496
positive,0.8581
neutral,0.6085
neutral,0.9039
neutral,0.724
neutral,0.635
positive,0.7872
positive,0.7662
positive,0.8744
neutral,0.8496
neutral,0.8864
neutral,0.8496
negative,0.8647
neutral,0.9421
neutral,0.8093
neutral,0.8444
negative,0.9684
positive,0.5476
neutral,0.8496
positive,0.6797
positive,0.4878
neutral,0.8496
neutral,0.6065
neutral,0.9289
neutral,0.9198
neutral,0.8786
neutral,0.7624
positive,0.9129
positive,0.8426
neutral,0.7271
negative,0.9606
positive,0.9259
neutral,0.8496
positive,0.9491
neutral,0.9422
neutral,0.8169
neutral,0.8496
positive,0.7935
neutral,0.8711
neutral,0.8746
neutral,0.9424
neutral,0.8081
positive,0.9456
positive,0.8393
neutral,0.8496
neutral,0.9451
positive,0.445
neutral,0.8888
positive,0.856
neutral,0.8496
positive,0.7821
neutral,0.8258
neutral,0.8713
positive,0.5455
neutral,0.7499
neutral,0.8496
neutral,0.8845
negative,0.719
negative,0.9455
positive,0.9578
positive,0.9109
positive,0.9554
neutral,0.6699
positive,0.4175
negative,0.8744
neutral,0.9154
positive,0.9371
negative,0.9366
neutral,0.8564
positive,0.9187
neutral,0.7646
neutral,0.9223
positive,0.9478
positive,0.932
neutral,0.7405
neutral,0.9357
positive,0.9445
negative,0.5453
neutral,0.7921
neutral,0.8861
positive,0.6571
positive,0.8907
positive,0.9415
neutral,0.8496
neutral,0.8425
neutral,0.9438
positive,0.8576
neutral,0.8496
neutral,0.7124
positive,0.9523
positive,0.7582
neutral,0.8739
neutral,0.8496
positive,0.867
positive,0.8149
negative,0.7598
neutral,0.8496
positive,0.772
negative,0.9565
neutral,0.7642
neutral,0.7792
neutral,0.7792
positive,0.9119
negative,0.8897
neutral,0.8528
positive,0.9248
positive,0.5874
neutral,0.9377
positive,0.8647
positive,0.7328
negative,0.5972
positive,0.6728
positive,0.9074
positive,0.9536
positive,0.7201
positive,0.938
positive,0.9414
neutral,0.8389
neutral,0.936
neutral,0.6445
neutral,0.5943
positive,0.9444
positive,0.9426
neutral,0.8343
neutral,0.8496
neutral,0.8496
positive,0.9611
positive,0.6533
positive,0.6481
positive,0.6316
positive,0.568
positive,0.6589
positive,0.7203
negative,0.9722
neutral,0.7223
positive,0.9525
neutral,0.51
neutral,0.8136
negative,0.9083
positive,0.5659
neutral,0.79
neutral,0.8188
neutral,0.8345
neutral,0.8518
neutral,0.5577
positive,0.8729
negative,0.8231
positive,0.5917
positive,0.9425
neutral,0.9372
positive,0.7956
neutral,0.8518
negative,0.9641
neutral,0.7579
neutral,0.9022
neutral,0.8518
positive,0.6514
positive,0.7914
positive,0.9466
neutral,0.9364
neutral,0.9334
positive,0.8349
neutral,0.7966
neutral,0.7819
neutral,0.7961
neutral,0.9361
positive,0.6803
negative,0.8078
neutral,0.8518
neutral,0.9096
negative,0.9509
neutral,0.5179
neutral,0.8518
neutral,0.8518
neutral,0.5766
neutral,0.7694
negative,0.8391
neutral,0.5297
neutral,0.8518
neutral,0.8859
positive,0.8479
neutral,0.9196
positive,0.5667
positive,0.8942
positive,0.8867
positive,0.9264
positive,0.3724
negative,0.9369
neutral,0.9525
neutral,0.8981
positive,0.8964
neutral,0.9081
neutral,0.8518
neutral,0.7595
neutral,0.9227
neutral,0.8518
positive,0.9407
positive,0.891
neutral,0.8518
positive,0.6783
neutral,0.8518
positive,0.9413
neutral,0.8518
positive,0.9329
positive,0.9507
negative,0.9725
neutral,0.7111
positive,0.9342
neutral,0.8518
positive,0.7808
negative,0.9688
negative,0.972
negative,0.7641
neutral,0.8518
positive,0.8719
neutral,0.9302
negative,0.9725
neutral,0.8011
negative,0.9644
neutral,0.8518
neutral,0.7882
positive,0.7266
negative,0.969
neutral,0.546
positive,0.8797
neutral,0.9248
negative,0.4891
neutral,0.8518
neutral,0.7272
positive,0.6602
neutral,0.8288
neutral,0.8537
neutral,0.8518
positive,0.7376
neutral,0.8518
positive,0.8167
positive,0.6746
positive,0.8845
neutral,0.8518
negative,0.9661
negative,0.5971
neutral,0.9106
negative,0.4729
neutral,0.797
neutral,0.8061
negative,0.8709
negative,0.7073
neutral,0.9244
positive,0.5282
positive,0.7891
positive,0.7924
positive,0.5494
positive,0.7344
positive,0.6146
negative,0.3725
positive,0.5972
positive,0.8985
neutral,0.9246
positive,0.9528
positive,0.8635
positive,0.8271
positive,0.881
positive,0.9001
positive,0.5201
neutral,0.6528
positive,0.8248
positive,0.8149
neutral,0.7577
neutral,0.9413
positive,0.4611
positive,0.5367
positive,0.9479
neutral,0.713
positive,0.5369
neutral,0.6033
neutral,0.8622
neutral,0.8322
neutral,0.8221
neutral,0.5816
positive,0.6742
neutral,0.9379
neutral,0.926
positive,0.8176
positive,0.9123
positive,0.9104
neutral,0.5799
neutral,0.9379
positive,0.7548
neutral,0.8022
positive,0.4962
neutral,0.9497
neutral,0.4192
negative,0.5409
neutral,0.692
positive,0.9012
neutral,0.7132
neutral,0.9207
neutral,0.8897
positive,0.9451
positive,0.78
negative,0.9637
neutral,0.9267
neutral,0.8199
positive,0.6505
neutral,0.8008
neutral,0.8808
neutral,0.795
neutral,0.884
positive,0.6657
positive,0.9214
negative,0.9425
neutral,0.8049
positive,0.8839
neutral,0.9236
positive,0.8039
positive,0.8559
positive,0.8072
positive,0.8999
positive,0.9467
negative,0.9067
positive,0.8829
positive,0.9276
positive,0.9328
neutral,0.95
positive,0.9453
positive,0.9208
positive,0.9261
positive,0.9494
neutral,0.8759
positive,0.9494
positive,0.8908
positive,0.9472
negative,0.601
negative,0.9701
positive,0.9472
neutral,0.9226
neutral,0.8149
neutral,0.897
neutral,0.8305
positive,0.6903
negative,0.9265
positive,0.9256
neutral,0.9033
positive,0.9293
neutral,0.9292
neutral,0.7723
neutral,0.8834
positive,0.8545
positive,0.8545
positive,0.6606
positive,0.9503
neutral,0.9029
positive,0.9282
neutral,0.794
neutral,0.7333
positive,0.8949
neutral,0.7601
neutral,0.7601
positive,0.7464
neutral,0.9241
neutral,0.9422
positive,0.631
positive,0.6153
neutral,0.8147
neutral,0.9106
neutral,0.8127
neutral,0.9221
neutral,0.9394
neutral,0.8915
negative,0.8429
positive,0.4977
neutral,0.5896
negative,0.952
neutral,0.9231
neutral,0.9342
neutral,0.9194
neutral,0.8019
neutral,0.791
neutral,0.8357
neutral,0.9399
neutral,0.7732
negative,0.5924
neutral,0.813
neutral,0.8177
negative,0.6081
negative,0.8946
negative,0.9605
positive,0.6197
positive,0.8896
positive,0.9501
neutral,0.6866
negative,0.9312
positive,0.6991
negative,0.9649
neutral,0.8091
neutral,0.7658
positive,0.8737
negative,0.5705
negative,0.9616
neutral,0.9108
neutral,0.9421
negative,0.9606
positive,0.9446
negative,0.6663
negative,0.8
neutral,0.9434
neutral,0.9189
negative,0.969
positive,0.8753
positive,0.7795
neutral,0.913
positive,0.8459
positive,0.5692
positive,0.8023
neutral,0.767
negative,0.9748
positive,0.8905
positive,0.573
neutral,0.8667
positive,0.8758
positive,0.948
positive,0.8342
neutral,0.9239
negative,0.5506
neutral,0.9168
positive,0.8422
neutral,0.701
positive,0.7475
neutral,0.9273
neutral,0.9431
neutral,0.8587
positive,0.9441
negative,0.9713
positive,0.632
positive,0.5812
neutral,0.8951
neutral,0.8314
neutral,0.7953
neutral,0.9145
neutral,0.9272
negative,0.9593
positive,0.7367
neutral,0.8442
neutral,0.859
neutral,0.805
neutral,0.8711
positive,0.6456
negative,0.9681
negative,0.9624
negative,0.9387
negative,0.6293
neutral,0.8588
positive,0.9532
positive,0.772
positive,0.6151
positive,0.8654
negative,0.8275
neutral,0.8588
negative,0.7457
neutral,0.8889
neutral,0.6865
positive,0.7041
neutral,0.6878
neutral,0.8852
neutral,0.8588
neutral,0.9438
positive,0.7316
neutral,0.84
negative,0.9679
neutral,0.8588
neutral,0.5941
neutral,0.3941
negative,0.9693
neutral,0.8588
positive,0.8923
positive,0.8884
neutral,0.9364
positive,0.946
neutral,0.5103
positive,0.8645
neutral,0.9404
negative,0.937
positive,0.6227
negative,0.6881
positive,0.6698
negative,0.9066
negative,0.9168
positive,0.9608
negative,0.4373
negative,0.8278
neutral,0.7096
positive,0.9527
negative,0.5673
neutral,0.7336
negative,0.7575
positive,0.9583
neutral,0.9431
neutral,0.8588
neutral,0.7539
negative,0.7059
neutral,0.9037
neutral,0.8318
positive,0.7546
neutral,0.9102
negative,0.7281
neutral,0.904
positive,0.536
neutral,0.7633
positive,0.5133
neutral,0.8708
neutral,0.8318
positive,0.9608
neutral,0.8318
positive,0.6607
neutral,0.7023
neutral,0.9004
positive,0.9539
neutral,0.8255
negative,0.8114
neutral,0.9372
neutral,0.8318
neutral,0.9324
neutral,0.8234
neutral,0.8345
negative,0.8781
neutral,0.7015
neutral,0.9063
neutral,0.8588
neutral,0.9372
neutral,0.9519
positive,0.8419
negative,0.9627
neutral,0.9358
neutral,0.9366
neutral,0.8588
neutral,0.8681
neutral,0.8387
neutral,0.9204
positive,0.7869
neutral,0.8345
neutral,0.8588
positive,0.656
neutral,0.9089
positive,0.9348
neutral,0.5914
negative,0.9194
positive,0.8509
neutral,0.8588
negative,0.9212
positive,0.9095
neutral,0.5986
negative,0.9287
negative,0.973
positive,0.5606
neutral,0.5067
neutral,0.8619
neutral,0.8835
neutral,0.8716
positive,0.4898
negative,0.8299
neutral,0.8588
neutral,0.9378
neutral,0.8753
positive,0.9404
neutral,0.8588
neutral,0.684
positive,0.5141
neutral,0.9112
neutral,0.8023
negative,0.9717
neutral,0.9462
neutral,0.6888
neutral,0.8588
negative,0.9625
positive,0.9462
negative,0.973
neutral,0.7224
neutral,0.7943
neutral,0.8588
negative,0.9462
neutral,0.3672
neutral,0.8619
positive,0.8416
neutral,0.9414
neutral,0.9159
positive,0.6249
neutral,0.8584
neutral,0.9256
neutral,0.8554
neutral,0.8244
neutral,0.8619
positive,0.7032
neutral,0.8511
neutral,0.8846
neutral,0.9428
neutral,0.8619
neutral,0.926
neutral,0.838
neutral,0.7241
neutral,0.7968
negative,0.8274
positive,0.8409
neutral,0.8619
neutral,0.9123
negative,0.9214
positive,0.893
neutral,0.6041
neutral,0.7809
neutral,0.6026
neutral,0.9482
negative,0.9246
neutral,0.8345
neutral,0.8671
neutral,0.8089
neutral,0.866
positive,0.603
positive,0.9541
neutral,0.8588
neutral,0.9415
neutral,0.8619
positive,0.9324
positive,0.9114
neutral,0.9105
neutral,0.9154
neutral,0.8977
positive,0.9497
neutral,0.8619
neutral,0.864
negative,0.8683
positive,0.921
neutral,0.8004
neutral,0.8504
negative,0.9256
neutral,0.8619
neutral,0.8721
positive,0.5934
neutral,0.9426
neutral,0.8872
neutral,0.7867
negative,0.9205
positive,0.6244
positive,0.9222
positive,0.9235
negative,0.6635
positive,0.4585
positive,0.7715
neutral,0.8588
neutral,0.4851
positive,0.7424
neutral,0.8588
neutral,0.8745
positive,0.8711
negative,0.9172
negative,0.6703
neutral,0.8619
neutral,0.9413
positive,0.7941
neutral,0.8619
positive,0.6433
neutral,0.926
neutral,0.6374
neutral,0.8851
neutral,0.7065
negative,0.9639
neutral,0.9254
neutral,0.738
neutral,0.8619
neutral,0.5639
negative,0.9175
positive,0.8893
neutral,0.6621
positive,0.7615
positive,0.8457
neutral,0.9361
negative,0.7657
neutral,0.8588
negative,0.8948
positive,0.6928
neutral,0.9223
neutral,0.6937
positive,0.671
neutral,0.8588
positive,0.9403
neutral,0.5501
positive,0.862
neutral,0.5453
positive,0.5243
neutral,0.8588
negative,0.9428
neutral,0.9332
positive,0.8565
positive,0.9321
positive,0.5451
neutral,0.8588
negative,0.9466
positive,0.6904
neutral,0.8422
neutral,0.8588
positive,0.5
neutral,0.5746
neutral,0.843
negative,0.9725
neutral,0.8966
neutral,0.7729
neutral,0.8902
positive,0.6893
neutral,0.7783
neutral,0.9391
neutral,0.8867
negative,0.9366
neutral,0.8555
positive,0.8959
positive,0.9487
positive,0.6872
negative,0.7554
positive,0.7997
neutral,0.9382
positive,0.6823
neutral,0.5362
negative,0.923
neutral,0.9184
negative,0.7922
negative,0.9737
positive,0.9403
negative,0.9717
neutral,0.9169
neutral,0.791
negative,0.975
neutral,0.8594
neutral,0.8857
positive,0.7063
positive,0.7195
positive,0.8923
neutral,0.8497
positive,0.8949
positive,0.9205
positive,0.8836
neutral,0.8738
positive,0.954
neutral,0.848
positive,0.9575
positive,0.8947
positive,0.7387
neutral,0.9398
positive,0.9587
neutral,0.8519
neutral,0.8716
positive,0.9514
positive,0.8581
negative,0.9103
positive,0.953
negative,0.9667
negative,0.9598
negative,0.8685
positive,0.5516
neutral,0.8582
neutral,0.8582
positive,0.6753
positive,0.6263
positive,0.7148
positive,0.9514
neutral,0.9358
negative,0.9728
positive,0.838
neutral,0.9381
positive,0.9127
negative,0.9734
negative,0.953
neutral,0.9151
negative,0.9631
positive,0.8385
positive,0.9394
positive,0.9611
neutral,0.9414
positive,0.5189
negative,0.9596
negative,0.8893
negative,0.706
negative,0.9543
neutral,0.792
negative,0.876
neutral,0.9279
positive,0.9111
negative,0.7265
negative,0.9477
neutral,0.7947
positive,0.817
positive,0.6746
neutral,0.9373
negative,0.7854
positive,0.7919
neutral,0.8497
neutral,0.4171
neutral,0.9167
positive,0.9262
positive,0.9479
positive,0.9544
neutral,0.8558
neutral,0.9279
neutral,0.9117
neutral,0.8876
neutral,0.5865
positive,0.9472
positive,0.928
positive,0.5617
positive,0.7003
positive,0.7305
negative,0.6274
neutral,0.8799
negative,0.8582
neutral,0.745
neutral,0.9183
negative,0.9639
negative,0.909
neutral,0.9399
neutral,0.906
negative,0.6251
negative,0.9725
negative,0.967
negative,0.6975
negative,0.9331
neutral,0.832
neutral,0.8009
negative,0.9725
negative,0.9676
negative,0.9504
neutral,0.7056
positive,0.5005
neutral,0.8571
positive,0.8722
positive,0.8429
neutral,0.8525
positive,0.9267
positive,0.8033
negative,0.9074
neutral,0.5853
negative,0.9624
negative,0.9719
positive,0.9351
neutral,0.7552
negative,0.9674
neutral,0.8857
negative,0.9725
neutral,0.5705
positive,0.6448
negative,0.928
negative,0.7689
negative,0.949
positive,0.5995
positive,0.9143
positive,0.8813
negative,0.9727
negative,0.9602
positive,0.9506
positive,0.9369
neutral,0.9417
neutral,0.7922
neutral,0.8629
negative,0.9744
positive,0.8268
positive,0.5616
negative,0.7431
positive,0.9304
positive,0.593
negative,0.9559
positive,0.9331
negative,0.9555
negative,0.9735
negative,0.9532
positive,0.9314
negative,0.9726
positive,0.9039
negative,0.974
negative,0.6752
negative,0.9732
positive,0.9353
negative,0.7032
neutral,0.9488
negative,0.9746
negative,0.9727
negative,0.9771
negative,0.9746
negative,0.9726
negative,0.9548
negative,0.9664
positive,0.5763
neutral,0.9201
negative,0.8196
neutral,0.9268
positive,0.8106
neutral,0.779
positive,0.8762
negative,0.8621
neutral,0.5641
negative,0.9733
negative,0.8764
negative,0.9755
positive,0.9563
negative,0.9737
negative,0.8651
negative,0.9734
positive,0.9393
neutral,0.591
negative,0.9734
negative,0.9253
positive,0.8676
negative,0.9307
negative,0.9307
neutral,0.5427
negative,0.9752
neutral,0.6235
positive,0.6418
neutral,0.6283
negative,0.7455
negative,0.9758
negative,0.972
neutral,0.9176
neutral,0.4671
neutral,0.8375
negative,0.9585
negative,0.9581
negative,0.897
positive,0.7174
positive,0.9444
negative,0.951
negative,0.9739
negative,0.5809
positive,0.9429
positive,0.9503
negative,0.7801
positive,0.8478
negative,0.9738
neutral,0.7629
neutral,0.7445
neutral,0.786
negative,0.7475
positive,0.6192
positive,0.5071
positive,0.4669
negative,0.8809
negative,0.9369
neutral,0.9548
neutral,0.9198
negative,0.8346
positive,0.8433
negative,0.9644
positive,0.7028
neutral,0.7883
negative,0.9644
negative,0.9662
positive,0.6911
negative,0.897
negative,0.9158
negative,0.7015
neutral,0.8431
negative,0.5944
negative,0.9669
neutral,0.5106
neutral,0.6804
positive,0.7146
neutral,0.7535
positive,0.9415
positive,0.7152
positive,0.8105
neutral,0.9112
neutral,0.8026
positive,0.5755
neutral,0.7793
neutral,0.9112
negative,0.9482
neutral,0.9215
neutral,0.869
positive,0.8966
negative,0.9672
negative,0.9602
positive,0.5531
neutral,0.8811
negative,0.9701
negative,0.9684
neutral,0.6652
neutral,0.9132
positive,0.9062
positive,0.9528
negative,0.841
negative,0.9289
negative,0.9309
negative,0.9505
positive,0.8094
negative,0.9199
neutral,0.5722
neutral,0.9132
neutral,0.8671
positive,0.8505
neutral,0.8575
positive,0.6952
neutral,0.9438
neutral,0.8729
positive,0.896
negative,0.9444
negative,0.9692
negative,0.6068
negative,0.4762
neutral,0.9431
neutral,0.6521
positive,0.9378
negative,0.9702
negative,0.9617
negative,0.9755
negative,0.8635
negative,0.9707
neutral,0.9134
negative,0.9742
negative,0.935
negative,0.9718
negative,0.4973
positive,0.8719
negative,0.9097
negative,0.8621
negative,0.9596
positive,0.935
negative,0.5122
negative,0.9608
negative,0.548
neutral,0.8729
negative,0.8351
neutral,0.9128
neutral,0.625
positive,0.9426
positive,0.7329
positive,0.9286
negative,0.6786
positive,0.6708
positive,0.6445
positive,0.3884
negative,0.8852
negative,0.9655
neutral,0.9132
negative,0.9746
negative,0.7395
positive,0.4438
positive,0.924
negative,0.9626
neutral,0.6371
negative,0.9646
negative,0.846
negative,0.9642
neutral,0.9132
positive,0.6318
negative,0.9688
negative,0.9433
negative,0.9631
neutral,0.8877
neutral,0.7359
negative,0.9739
neutral,0.8731
neutral,0.9132
negative,0.5816
negative,0.9142
neutral,0.5275
neutral,0.611
neutral,0.6636
positive,0.809
positive,0.4991
neutral,0.9132
negative,0.5538
negative,0.8274
negative,0.964
positive,0.5887
positive,0.871
negative,0.9708
positive,0.6989
negative,0.7432
neutral,0.9367
positive,0.8033
neutral,0.5889
neutral,0.6907
negative,0.9675
negative,0.9374
negative,0.9555
negative,0.9504
negative,0.9668
negative,0.8438
negative,0.9664
negative,0.9569
negative,0.9718
neutral,0.9132
negative,0.5233
negative,0.9036
neutral,0.7108
negative,0.9405
negative,0.9677
negative,0.7757
negative,0.8887
neutral,0.9132
neutral,0.8836
positive,0.8129
positive,0.9521
neutral,0.9255
neutral,0.6174
neutral,0.938
negative,0.9683
negative,0.9299
negative,0.8469
neutral,0.8729
positive,0.8033
negative,0.9685
negative,0.8811
positive,0.7691
neutral,0.7655
neutral,0.8729
positive,0.8844
negative,0.8329
positive,0.6465
neutral,0.8729
neutral,0.5091
negative,0.9698
negative,0.9705
neutral,0.5091
negative,0.9695
negative,0.9292
negative,0.974
negative,0.9183
positive,0.5603
neutral,0.9169
positive,0.8869
neutral,0.8729
neutral,0.9448
neutral,0.9353
neutral,0.8821
positive,0.7307
neutral,0.8729
positive,0.9349
neutral,0.8546
neutral,0.9079
neutral,0.8984
neutral,0.916
neutral,0.8755
negative,0.5595
negative,0.9498
negative,0.9728
positive,0.9426
neutral,0.8931
positive,0.9236
neutral,0.9179
positive,0.9474
negative,0.9735
negative,0.9701
negative,0.9731
neutral,0.8729
negative,0.9615
negative,0.633
positive,0.8169
positive,0.8599
neutral,0.6444
negative,0.8588
negative,0.9477
positive,0.9161
positive,0.9277
positive,0.9079
negative,0.881
negative,0.5222
neutral,0.4884
negative,0.4883
neutral,0.4755
neutral,0.5168
positive,0.9077
negative,0.9416
positive,0.5064
negative,0.9703
positive,0.9077
negative,0.9703
positive,0.6347
positive,0.9317
positive,0.9429
positive,0.6849
neutral,0.9132
positive,0.6785
positive,0.8747
positive,0.9092
positive,0.8233
positive,0.8381
positive,0.5046
positive,0.9194
neutral,0.9451
positive,0.8501
negative,0.6535
negative,0.8698
positive,0.8975
neutral,0.9317
positive,0.9312
positive,0.5149
positive,0.8717
negative,0.9598
negative,0.9762
negative,0.9613
positive,0.7437
neutral,0.5067
positive,0.8196
positive,0.9243
positive,0.8371
positive,0.9516
negative,0.5796
positive,0.9448
positive,0.5326
positive,0.8084
positive,0.5946
negative,0.9067
negative,0.9104
negative,0.7437
negative,0.9674
neutral,0.5117
positive,0.9423
negative,0.9644
positive,0.938
neutral,0.8948
negative,0.9743
positive,0.9539
negative,0.5206
positive,0.6252
positive,0.7587
positive,0.8381
negative,0.6264
negative,0.9193
positive,0.9355
positive,0.5304
neutral,0.5941
negative,0.6906
positive,0.9416
neutral,0.9447
positive,0.868
negative,0.9721
positive,0.9411
positive,0.9106
positive,0.9503
negative,0.5997
negative,0.9674
neutral,0.6114
negative,0.9735
negative,0.7128
positive,0.6889
positive,0.7022
neutral,0.5955
positive,0.5483
neutral,0.5787
negative,0.9689
neutral,0.8646
positive,0.9401
positive,0.9419
positive,0.5794
positive,0.9278
negative,0.962
positive,0.7059
positive,0.9406
neutral,0.9132
neutral,0.9014
positive,0.9533
negative,0.9757
positive,0.9542
positive,0.7379
negative,0.8191
positive,0.9271
negative,0.9678
neutral,0.8761
neutral,0.9442
positive,0.9574
neutral,0.5868
negative,0.8684
neutral,0.9132
negative,0.8619
neutral,0.829
positive,0.952
negative,0.9701
positive,0.821
neutral,0.9083
negative,0.6389
neutral,0.9132
negative,0.3778
positive,0.8097
neutral,0.6887
neutral,0.845
neutral,0.8433
positive,0.6457
neutral,0.9132
positive,0.8699
negative,0.974
negative,0.9737
negative,0.8252
negative,0.9693
negative,0.7545
negative,0.9747
negative,0.5838
positive,0.9484
neutral,0.9132
negative,0.5311
neutral,0.9415
neutral,0.9395
positive,0.9323
positive,0.9051
neutral,0.9132
neutral,0.9045
neutral,0.8545
positive,0.9374
neutral,0.9132
negative,0.9692
positive,0.7071
neutral,0.9531
negative,0.7285
neutral,0.9132
negative,0.9721
neutral,0.8833
neutral,0.8841
negative,0.9724
negative,0.9693
neutral,0.6256
negative,0.9624
negative,0.7771
neutral,0.7686
negative,0.8866
positive,0.9466
positive,0.943
positive,0.9453
positive,0.9435
negative,0.8498
neutral,0.9132
negative,0.9617
negative,0.5699
neutral,0.9132
neutral,0.8968
neutral,0.9443
positive,0.6468
neutral,0.8855
neutral,0.9132
positive,0.8887
positive,0.9466
positive,0.6247
negative,0.8253
neutral,0.9132
neutral,0.6621
negative,0.9693
negative,0.9683
neutral,0.6486
neutral,0.9432
negative,0.5213
negative,0.8191
negative,0.5213
neutral,0.9291
neutral,0.9132
neutral,0.9196
negative,0.8843
neutral,0.8729
negative,0.9674
negative,0.9374
neutral,0.8729
neutral,0.6536
positive,0.677
negative,0.9622
positive,0.8999
negative,0.912
neutral,0.7298
negative,0.9475
neutral,0.8618
negative,0.9528
neutral,0.9432
negative,0.8731
neutral,0.8618
negative,0.5494
negative,0.8804
neutral,0.8145
neutral,0.8167
negative,0.9676
neutral,0.9122
negative,0.8856
negative,0.8505
negative,0.9023
negative,0.638
negative,0.9728
negative,0.9693
negative,0.9363
negative,0.8418
neutral,0.9122
neutral,0.7003
negative,0.6565
neutral,0.8618
positive,0.9486
positive,0.6823
neutral,0.8618
positive,0.948
negative,0.8293
neutral,0.8618
neutral,0.9169
neutral,0.8618
neutral,0.5133
positive,0.733
negative,0.9712
neutral,0.7126
neutral,0.8618
negative,0.9671
neutral,0.9165
positive,0.9319
positive,0.8729
neutral,0.9407
negative,0.9335
neutral,0.4945
positive,0.8463
neutral,0.9122
negative,0.9579
neutral,0.9412
neutral,0.7627
negative,0.9696
neutral,0.8618
negative,0.8809
neutral,0.8618
neutral,0.8618
positive,0.6674
positive,0.5357
negative,0.9679
neutral,0.9148
positive,0.6707
positive,0.9391
negative,0.5243
positive,0.917
neutral,0.8618
neutral,0.9483
negative,0.9485
neutral,0.8618
negative,0.9673
neutral,0.8698
neutral,0.8729
negative,0.9499
negative,0.9243
neutral,0.9052
negative,0.5087
neutral,0.9327
neutral,0.8762
neutral,0.8762
positive,0.6197
positive,0.9061
positive,0.7124
positive,0.4875
neutral,0.8762
neutral,0.9073
neutral,0.8762
negative,0.9738
neutral,0.8999
negative,0.9736
negative,0.6959
positive,0.9294
neutral,0.9384
positive,0.8056
positive,0.5262
negative,0.908
positive,0.8607
neutral,0.9199
neutral,0.9199
neutral,0.8729
neutral,0.7347
positive,0.8916
positive,0.6895
positive,0.7028
positive,0.9413
positive,0.8943
negative,0.9122
positive,0.9376
neutral,0.9367
positive,0.9424
positive,0.939
positive,0.9456
positive,0.9479
positive,0.8889
positive,0.9318
positive,0.9365
neutral,0.8729
neutral,0.8729
positive,0.8903
positive,0.8646
positive,0.8175
negative,0.7828
positive,0.9172
positive,0.7375
positive,0.7138
negative,0.9097
negative,0.9697
negative,0.9748
negative,0.869
negative,0.9748
positive,0.7793
positive,0.5946
neutral,0.8729
negative,0.97
positive,0.9243
negative,0.9039
negative,0.9756
negative,0.9752
negative,0.5264
negative,0.9722
neutral,0.9423
negative,0.903
positive,0.9566
negative,0.9752
negative,0.5431
neutral,0.9037
positive,0.5278
positive,0.4884
negative,0.8234
positive,0.9289
neutral,0.8729
negative,0.9513
positive,0.4802
negative,0.9654
neutral,0.8809
positive,0.8819
neutral,0.9213
neutral,0.9213
neutral,0.8729
negative,0.9509
neutral,0.5284
positive,0.9503
positive,0.9327
negative,0.9563
negative,0.9608
negative,0.9638
positive,0.5569
neutral,0.8206
neutral,0.9298
negative,0.7089
negative,0.7097
negative,0.7893
neutral,0.911
negative,0.975
negative,0.8714
neutral,0.491
positive,0.8511
positive,0.6965
positive,0.7468
positive,0.8935
positive,0.9179
negative,0.6881
positive,0.9514
positive,0.9369
positive,0.953
positive,0.9493
negative,0.4569
positive,0.9369
positive,0.903
negative,0.9665
neutral,0.5911
negative,0.9748
negative,0.9711
negative,0.9748
positive,0.665
negative,0.9566
positive,0.9135
negative,0.9508
negative,0.7541
positive,0.9178
negative,0.9546
neutral,0.7294
neutral,0.9397
positive,0.8439
neutral,0.5503
negative,0.9541
neutral,0.8729
negative,0.9609
neutral,0.7521
negative,0.9724
negative,0.972
negative,0.6623
negative,0.9419
neutral,0.5997
positive,0.9474
negative,0.8879
neutral,0.9051
negative,0.9095
neutral,0.7399
positive,0.8565
negative,0.9586
negative,0.8574
positive,0.9352
neutral,0.9268
positive,0.8877
positive,0.9592
positive,0.9471
positive,0.9411
negative,0.6623
positive,0.9337
positive,0.8794
positive,0.9482
negative,0.9642
positive,0.8319
positive,0.8042
positive,0.9401
neutral,0.8405
positive,0.9489
positive,0.5977
negative,0.894
positive,0.9464
positive,0.9489
negative,0.5033
negative,0.9649
neutral,0.9482
positive,0.6088
positive,0.8416
neutral,0.8729
neutral,0.8779
negative,0.4545
negative,0.5009
positive,0.6165
positive,0.9334
neutral,0.5458
negative,0.8539
neutral,0.8729
negative,0.8922
negative,0.9503
positive,0.9068
neutral,0.7975
neutral,0.5349
positive,0.6607
positive,0.9561
positive,0.9407
positive,0.9468
positive,0.9505
positive,0.9482
positive,0.6138
neutral,0.4983
positive,0.9496
negative,0.9737
positive,0.8848
positive,0.6036
negative,0.9239
negative,0.9698
positive,0.5492
positive,0.9476
negative,0.8991
positive,0.936
positive,0.8576
positive,0.631
negative,0.8431
neutral,0.8618
negative,0.9753
positive,0.9514
neutral,0.5447
positive,0.936
positive,0.9566
neutral,0.5543
positive,0.9589
negative,0.9559
neutral,0.9207
neutral,0.6134
positive,0.9171
positive,0.7827
negative,0.9629
negative,0.7882
neutral,0.8618
negative,0.7434
negative,0.9495
neutral,0.9057
neutral,0.8618
positive,0.9505
neutral,0.8863
neutral,0.5577
positive,0.5083
positive,0.9479
neutral,0.947
positive,0.8866
positive,0.6606
negative,0.9544
negative,0.9424
negative,0.9718
neutral,0.9179
neutral,0.9342
negative,0.955
negative,0.9726
negative,0.9702
negative,0.9706
negative,0.9525
positive,0.95
positive,0.5936
positive,0.9195
neutral,0.9132
positive,0.9458
negative,0.9603
positive,0.9466
positive,0.9496
positive,0.9396
positive,0.8689
positive,0.8689
neutral,0.5812
neutral,0.9132
neutral,0.8818
neutral,0.9132
negative,0.634
positive,0.9347
positive,0.5388
positive,0.7308
positive,0.4967
neutral,0.9491
negative,0.7028
negative,0.9719
negative,0.9712
negative,0.9706
positive,0.5495
negative,0.971
neutral,0.8729
negative,0.9656
negative,0.9681
positive,0.7165
neutral,0.8475
neutral,0.8729
positive,0.9132
positive,0.8696
neutral,0.9375
positive,0.9377
negative,0.8958
positive,0.9413
neutral,0.8729
negative,0.9436
negative,0.9276
negative,0.941
neutral,0.8444
negative,0.9282
negative,0.9687
negative,0.9657
negative,0.9719
negative,0.9719
negative,0.9736
neutral,0.9183
negative,0.9697
neutral,0.8729
negative,0.9299
negative,0.9091
negative,0.6701
negative,0.9086
negative,0.8105
neutral,0.7674
neutral,0.8935
neutral,0.8729
neutral,0.9132
negative,0.9727
neutral,0.6218
positive,0.9495
negative,0.9717
negative,0.9697
negative,0.9698
negative,0.9725
negative,0.9709
negative,0.9709
negative,0.97
neutral,0.9132
negative,0.9313
negative,0.9326
neutral,0.6716
negative,0.9635
negative,0.9723
negative,0.9635
negative,0.9371
negative,0.86
negative,0.8671
negative,0.9731
positive,0.5924
neutral,0.8729
neutral,0.9407
positive,0.5193
neutral,0.8729
neutral,0.9146
neutral,0.8906
neutral,0.8729
neutral,0.7429
negative,0.974
positive,0.5367
negative,0.8293
neutral,0.9294
negative,0.9699
negative,0.9579
neutral,0.4953
neutral,0.8776
neutral,0.8729
negative,0.5725
negative,0.8899
negative,0.8882
negative,0.9673
negative,0.9037
negative,0.8974
positive,0.7126
negative,0.9261
negative,0.9013
positive,0.5133
neutral,0.8729
negative,0.6803
positive,0.8963
negative,0.5297
positive,0.9401
positive,0.9331
negative,0.8437
negative,0.5007
positive,0.6594
negative,0.9738
positive,0.5578
neutral,0.9391
positive,0.8572
positive,0.8732
positive,0.952
negative,0.9734
negative,0.9549
negative,0.9718
neutral,0.7132
negative,0.9625
positive,0.8943
negative,0.9747
neutral,0.9276
positive,0.5285
neutral,0.9433
neutral,0.9334
negative,0.9659
positive,0.5211
positive,0.9531
neutral,0.9305
negative,0.8961
neutral,0.9146
positive,0.5269
negative,0.9746
neutral,0.9477
neutral,0.7573
positive,0.665
negative,0.9649
neutral,0.7864
neutral,0.9352
neutral,0.9266
neutral,0.8109
neutral,0.6692
negative,0.9494
negative,0.9562
negative,0.8292
negative,0.8292
negative,0.9675
negative,0.9694
neutral,0.7772
negative,0.9418
negative,0.9735
negative,0.9112
positive,0.5752
neutral,0.632
negative,0.8177
neutral,0.5712
negative,0.9111
negative,0.9539
negative,0.7101
positive,0.7347
positive,0.7573
positive,0.7133
negative,0.8602
negative,0.9502
positive,0.7296
negative,0.4547
positive,0.7945
negative,0.8602
negative,0.9648
positive,0.8195
positive,0.8774
neutral,0.9339
neutral,0.8698
negative,0.8899
positive,0.9431
negative,0.9296
positive,0.5976
positive,0.5285
neutral,0.7352
negative,0.8423
negative,0.9506
negative,0.839
negative,0.9697
negative,0.9373
positive,0.9378
negative,0.9731
positive,0.7959
negative,0.9005
negative,0.8627
positive,0.9353
negative,0.959
negative,0.9454
negative,0.9643
positive,0.5611
negative,0.9585
positive,0.6662
negative,0.8527
neutral,0.8615
negative,0.9643
neutral,0.8819
positive,0.9406
negative,0.9734
negative,0.87
positive,0.8072
negative,0.9455
negative,0.9692
negative,0.9709
neutral,0.7724
neutral,0.6019
positive,0.9417
negative,0.9078
neutral,0.9082
negative,0.9696
positive,0.9448
positive,0.6763
positive,0.6509
positive,0.9505
negative,0.9598
positive,0.9378
negative,0.8262
negative,0.9705
positive,0.9352
neutral,0.9255
negative,0.8958
negative,0.9658
negative,0.961
negative,0.9692
positive,0.9337
negative,0.9698
neutral,0.944
negative,0.9725
neutral,0.4884
neutral,0.6377
negative,0.9735
positive,0.9593
negative,0.9749
negative,0.9657
negative,0.9684
negative,0.9671
negative,0.9701
neutral,0.9375
positive,0.5862
neutral,0.6636
negative,0.7247
positive,0.6528
negative,0.9705
positive,0.7956
positive,0.943
neutral,0.5853
positive,0.9301
positive,0.9492
negative,0.9667
negative,0.9626
negative,0.9723
positive,0.9311
negative,0.6938
positive,0.951
positive,0.9307
positive,0.6268
negative,0.9727
positive,0.953
negative,0.9703
positive,0.9149
negative,0.9703
negative,0.9703
positive,0.4956
neutral,0.9449
negative,0.9612
negative,0.6456
positive,0.7306
positive,0.7621
positive,0.5407
positive,0.9528
neutral,0.5206
negative,0.9173
positive,0.956
negative,0.5781
positive,0.9459
positive,0.9436
positive,0.9495
positive,0.8822
negative,0.971
negative,0.9576
negative,0.9726
positive,0.8889
negative,0.9691
negative,0.9501
negative,0.9755
negative,0.976
negative,0.9755
negative,0.7884
positive,0.9602
negative,0.9481
negative,0.9727
negative,0.9727
negative,0.9653
positive,0.8079
neutral,0.9132
positive,0.6008
negative,0.9681
neutral,0.8239
negative,0.9477
neutral,0.9132
negative,0.8876
neutral,0.9014
positive,0.8909
negative,0.5214
negative,0.7771
neutral,0.933
neutral,0.8054
neutral,0.9392
negative,0.8844
neutral,0.8976
neutral,0.9132
neutral,0.6512
neutral,0.9459
neutral,0.6053
neutral,0.9503
neutral,0.9191
neutral,0.9132
negative,0.8846
neutral,0.7057
positive,0.5515
neutral,0.9416
positive,0.5715
neutral,0.9132
neutral,0.9029
neutral,0.9132
positive,0.9528
negative,0.8888
positive,0.8336
negative,0.4806
positive,0.5744
positive,0.7606
positive,0.9369
negative,0.9415
positive,0.9353
neutral,0.6435
neutral,0.913
neutral,0.6562
neutral,0.9132
negative,0.809
neutral,0.9132
neutral,0.7618
neutral,0.9366
neutral,0.9132
positive,0.5189
neutral,0.9297
negative,0.9573
neutral,0.9214
negative,0.9663
negative,0.4878
positive,0.8973
neutral,0.4792
positive,0.8622
negative,0.9753
positive,0.9448
neutral,0.7881
negative,0.7767
neutral,0.6634
negative,0.9317
neutral,0.9132
neutral,0.9456
negative,0.6769
positive,0.9419
negative,0.9727
negative,0.973
negative,0.9102
neutral,0.9132
positive,0.8536
positive,0.643
negative,0.8103
negative,0.8829
negative,0.8829
neutral,0.7482
negative,0.8829
neutral,0.5553
negative,0.943
neutral,0.9132
neutral,0.9132
neutral,0.8502
neutral,0.5524
positive,0.8762
neutral,0.9132
negative,0.9578
neutral,0.9411
neutral,0.9395
positive,0.9235
neutral,0.9346
negative,0.9729
neutral,0.6787
negative,0.9244
negative,0.7659
neutral,0.9132
positive,0.5341
neutral,0.9132
negative,0.8043
negative,0.9724
negative,0.9278
negative,0.8828
negative,0.9095
negative,0.9342
neutral,0.8785
positive,0.9233
neutral,0.9021
positive,0.6684
negative,0.9392
neutral,0.6552
positive,0.9307
negative,0.9629
neutral,0.9111
neutral,0.8729
negative,0.7551
negative,0.8896
negative,0.8161
positive,0.6816
neutral,0.8729
positive,0.7893
positive,0.9408
neutral,0.941
negative,0.9665
positive,0.8199
positive,0.9154
neutral,0.6705
neutral,0.8729
positive,0.9016
neutral,0.9374
neutral,0.9449
positive,0.9445
neutral,0.8644
positive,0.7927
negative,0.6046
positive,0.8058
neutral,0.8729
neutral,0.733
positive,0.9335
neutral,0.9092
positive,0.9495
neutral,0.6087
negative,0.9701
